ActualEndDateTime;ActualStartDateTime;AllottedTime;AssessmentAdministrationId;Lea_OrganizationId;Location;OrganizationId;RecordEndDateTime;RecordStartDateTime;RefAssessmentSessionSpecialCircumstanceTypeId;RefAssessmentSessionTypeId;ScheduledEndDateTime;ScheduledStartDateTime;School_OrganizationId;SecurityIssue;SpecialEventDescription;AssessmentSessionId
;;;3494622;;;;;;;;;;;;;349554622
;;;3495230;;;;;;;;;;;;;349555230
;;;3494623;;;;;;;;;;;;;349554623
;;;3495327;;;;;;;;;;;;;349555327
;;;3495137;;;;;;;;;;;;;349555137
;;;3495681;;;;;;;;;;;;;349555681
;;;3495138;;;;;;;;;;;;;349555138
;;;3495682;;;;;;;;;;;;;349555682
;;;3495683;;;;;;;;;;;;;349555683
;;;3494656;;;;;;;;;;;;;349554656
;;;3495357;;;;;;;;;;;;;349555357
;;;3494657;;;;;;;;;;;;;349554657
;;;3495358;;;;;;;;;;;;;349555358
;;;3494658;;;;;;;;;;;;;349554658
;;;3495359;;;;;;;;;;;;;349555359
;;;3494659;;;;;;;;;;;;;349554659
;;;3495360;;;;;;;;;;;;;349555360
;;;3495361;;;;;;;;;;;;;349555361
;;;3494577;;;;;;;;;;;;;349554577
;;;3495162;;;;;;;;;;;;;349555162
;;;3494578;;;;;;;;;;;;;349554578
;;;3495163;;;;;;;;;;;;;349555163
;;;3494579;;;;;;;;;;;;;349554579
;;;3495164;;;;;;;;;;;;;349555164
;;;3494580;;;;;;;;;;;;;349554580
;;;3495165;;;;;;;;;;;;;349555165
;;;3494581;;;;;;;;;;;;;349554581
;;;3495166;;;;;;;;;;;;;349555166
;;;3494582;;;;;;;;;;;;;349554582
;;;3495167;;;;;;;;;;;;;349555167
;;;3494583;;;;;;;;;;;;;349554583
;;;3495168;;;;;;;;;;;;;349555168
;;;3494584;;;;;;;;;;;;;349554584
;;;3495169;;;;;;;;;;;;;349555169
;;;3494585;;;;;;;;;;;;;349554585
;;;3495170;;;;;;;;;;;;;349555170
;;;3495675;;;;;;;;;;;;;349555675
;;;3495676;;;;;;;;;;;;;349555676
;;;3494862;;;;;;;;;;;;;349554862
;;;3495307;;;;;;;;;;;;;349555307
;;;3494863;;;;;;;;;;;;;349554863
;;;3495308;;;;;;;;;;;;;349555308
;;;3494864;;;;;;;;;;;;;349554864
;;;3495309;;;;;;;;;;;;;349555309
;;;3494865;;;;;;;;;;;;;349554865
;;;3495310;;;;;;;;;;;;;349555310
;;;3494866;;;;;;;;;;;;;349554866
;;;3495311;;;;;;;;;;;;;349555311
;;;3494867;;;;;;;;;;;;;349554867
;;;3495742;;;;;;;;;;;;;349555742
;;;3494868;;;;;;;;;;;;;349554868
;;;3495767;;;;;;;;;;;;;349555767
;;;3494869;;;;;;;;;;;;;349554869
;;;3495768;;;;;;;;;;;;;349555768
;;;3495769;;;;;;;;;;;;;349555769
;;;3494627;;;;;;;;;;;;;349554627
;;;3495183;;;;;;;;;;;;;349555183
;;;3495126;;;;;;;;;;;;;349555126
;;;3495184;;;;;;;;;;;;;349555184
;;;3495127;;;;;;;;;;;;;349555127
;;;3495185;;;;;;;;;;;;;349555185
;;;3495356;;;;;;;;;;;;;349555356
;;;3495004;;;;;;;;;;;;;349555004
;;;3495582;;;;;;;;;;;;;349555582
;;;3495005;;;;;;;;;;;;;349555005
;;;3495583;;;;;;;;;;;;;349555583
;;;3495646;;;;;;;;;;;;;349555646
;;;3494631;;;;;;;;;;;;;349554631
;;;3495186;;;;;;;;;;;;;349555186
;;;3494632;;;;;;;;;;;;;349554632
;;;3495187;;;;;;;;;;;;;349555187
;;;3494633;;;;;;;;;;;;;349554633
;;;3495188;;;;;;;;;;;;;349555188
;;;3495770;;;;;;;;;;;;;349555770
;;;3494799;;;;;;;;;;;;;349554799
;;;3495171;;;;;;;;;;;;;349555171
;;;3494800;;;;;;;;;;;;;349554800
;;;3495172;;;;;;;;;;;;;349555172
;;;3494801;;;;;;;;;;;;;349554801
;;;3495173;;;;;;;;;;;;;349555173
;;;3494802;;;;;;;;;;;;;349554802
;;;3495174;;;;;;;;;;;;;349555174
;;;3494803;;;;;;;;;;;;;349554803
;;;3495175;;;;;;;;;;;;;349555175
;;;3494804;;;;;;;;;;;;;349554804
;;;3495176;;;;;;;;;;;;;349555176
;;;3495112;;;;;;;;;;;;;349555112
;;;3495177;;;;;;;;;;;;;349555177
;;;3495113;;;;;;;;;;;;;349555113
;;;3495178;;;;;;;;;;;;;349555178
;;;3495114;;;;;;;;;;;;;349555114
;;;3495179;;;;;;;;;;;;;349555179
;;;3495115;;;;;;;;;;;;;349555115
;;;3495180;;;;;;;;;;;;;349555180
;;;3495116;;;;;;;;;;;;;349555116
;;;3495181;;;;;;;;;;;;;349555181
;;;3495182;;;;;;;;;;;;;349555182
;;;3495354;;;;;;;;;;;;;349555354
;;;3495355;;;;;;;;;;;;;349555355
;;;3514755;;;;;;;;;;;;;351554755
;;;3515228;;;;;;;;;;;;;351555228
;;;3515050;;;;;;;;;;;;;351555050
;;;3515231;;;;;;;;;;;;;351555231
;;;3515104;;;;;;;;;;;;;351555104
;;;3515764;;;;;;;;;;;;;351555764
;;;3515125;;;;;;;;;;;;;351555125
;;;3515765;;;;;;;;;;;;;351555765
;;;3515766;;;;;;;;;;;;;351555766
;;;3514660;;;;;;;;;;;;;351554660
;;;3515396;;;;;;;;;;;;;351555396
;;;3514661;;;;;;;;;;;;;351554661
;;;3515397;;;;;;;;;;;;;351555397
;;;3514662;;;;;;;;;;;;;351554662
;;;3515398;;;;;;;;;;;;;351555398
;;;3514663;;;;;;;;;;;;;351554663
;;;3515399;;;;;;;;;;;;;351555399
;;;3514744;;;;;;;;;;;;;351554744
;;;3515376;;;;;;;;;;;;;351555376
;;;3514745;;;;;;;;;;;;;351554745
;;;3515377;;;;;;;;;;;;;351555377
;;;3514746;;;;;;;;;;;;;351554746
;;;3515378;;;;;;;;;;;;;351555378
;;;3514747;;;;;;;;;;;;;351554747
;;;3515379;;;;;;;;;;;;;351555379
;;;3514748;;;;;;;;;;;;;351554748
;;;3515380;;;;;;;;;;;;;351555380
;;;3514749;;;;;;;;;;;;;351554749
;;;3515381;;;;;;;;;;;;;351555381
;;;3514750;;;;;;;;;;;;;351554750
;;;3515382;;;;;;;;;;;;;351555382
;;;3514751;;;;;;;;;;;;;351554751
;;;3515383;;;;;;;;;;;;;351555383
;;;3514752;;;;;;;;;;;;;351554752
;;;3515384;;;;;;;;;;;;;351555384
;;;3514753;;;;;;;;;;;;;351554753
;;;3515385;;;;;;;;;;;;;351555385
;;;3514900;;;;;;;;;;;;;351554900
;;;3515312;;;;;;;;;;;;;351555312
;;;3514901;;;;;;;;;;;;;351554901
;;;3515313;;;;;;;;;;;;;351555313
;;;3514902;;;;;;;;;;;;;351554902
;;;3515314;;;;;;;;;;;;;351555314
;;;3514903;;;;;;;;;;;;;351554903
;;;3515315;;;;;;;;;;;;;351555315
;;;3514904;;;;;;;;;;;;;351554904
;;;3515316;;;;;;;;;;;;;351555316
;;;3514905;;;;;;;;;;;;;351554905
;;;3515317;;;;;;;;;;;;;351555317
;;;3514906;;;;;;;;;;;;;351554906
;;;3515318;;;;;;;;;;;;;351555318
;;;3514907;;;;;;;;;;;;;351554907
;;;3515319;;;;;;;;;;;;;351555319
;;;3514908;;;;;;;;;;;;;351554908
;;;3515320;;;;;;;;;;;;;351555320
;;;3515028;;;;;;;;;;;;;351555028
;;;3515321;;;;;;;;;;;;;351555321
;;;3515098;;;;;;;;;;;;;351555098
;;;3515322;;;;;;;;;;;;;351555322
;;;3515323;;;;;;;;;;;;;351555323
;;;3515324;;;;;;;;;;;;;351555324
;;;3515325;;;;;;;;;;;;;351555325
;;;3514650;;;;;;;;;;;;;351554650
;;;3515362;;;;;;;;;;;;;351555362
;;;3514651;;;;;;;;;;;;;351554651
;;;3515363;;;;;;;;;;;;;351555363
;;;3514652;;;;;;;;;;;;;351554652
;;;3515364;;;;;;;;;;;;;351555364
;;;3515365;;;;;;;;;;;;;351555365
;;;3515006;;;;;;;;;;;;;351555006
;;;3515579;;;;;;;;;;;;;351555579
;;;3515007;;;;;;;;;;;;;351555007
;;;3515580;;;;;;;;;;;;;351555580
;;;3515581;;;;;;;;;;;;;351555581
;;;3514759;;;;;;;;;;;;;351554759
;;;3515536;;;;;;;;;;;;;351555536
;;;3514760;;;;;;;;;;;;;351554760
;;;3515537;;;;;;;;;;;;;351555537
;;;3514761;;;;;;;;;;;;;351554761
;;;3515538;;;;;;;;;;;;;351555538
;;;3514762;;;;;;;;;;;;;351554762
;;;3515539;;;;;;;;;;;;;351555539
;;;3515540;;;;;;;;;;;;;351555540
;;;3515541;;;;;;;;;;;;;351555541
;;;3515542;;;;;;;;;;;;;351555542
;;;3514763;;;;;;;;;;;;;351554763
;;;3515404;;;;;;;;;;;;;351555404
;;;3514764;;;;;;;;;;;;;351554764
;;;3515405;;;;;;;;;;;;;351555405
;;;3514765;;;;;;;;;;;;;351554765
;;;3515406;;;;;;;;;;;;;351555406
;;;3514766;;;;;;;;;;;;;351554766
;;;3515407;;;;;;;;;;;;;351555407
;;;3514767;;;;;;;;;;;;;351554767
;;;3515408;;;;;;;;;;;;;351555408
;;;3514776;;;;;;;;;;;;;351554776
;;;3515409;;;;;;;;;;;;;351555409
;;;3514777;;;;;;;;;;;;;351554777
;;;3515439;;;;;;;;;;;;;351555439
;;;3514778;;;;;;;;;;;;;351554778
;;;3515440;;;;;;;;;;;;;351555440
;;;3514779;;;;;;;;;;;;;351554779
;;;3515441;;;;;;;;;;;;;351555441
;;;3514780;;;;;;;;;;;;;351554780
;;;3515442;;;;;;;;;;;;;351555442
;;;3514781;;;;;;;;;;;;;351554781
;;;3515443;;;;;;;;;;;;;351555443
;;;3514782;;;;;;;;;;;;;351554782
;;;3515444;;;;;;;;;;;;;351555444
;;;3514783;;;;;;;;;;;;;351554783
;;;3515445;;;;;;;;;;;;;351555445
;;;3514784;;;;;;;;;;;;;351554784
;;;3534756;;;;;;;;;;;;;353554756
;;;3535227;;;;;;;;;;;;;353555227
;;;3535092;;;;;;;;;;;;;353555092
;;;3535232;;;;;;;;;;;;;353555232
;;;3535157;;;;;;;;;;;;;353555157
;;;3535684;;;;;;;;;;;;;353555684
;;;3535158;;;;;;;;;;;;;353555158
;;;3535685;;;;;;;;;;;;;353555685
;;;3535686;;;;;;;;;;;;;353555686
;;;3534664;;;;;;;;;;;;;353554664
;;;3535400;;;;;;;;;;;;;353555400
;;;3535029;;;;;;;;;;;;;353555029
;;;3535401;;;;;;;;;;;;;353555401
;;;3535030;;;;;;;;;;;;;353555030
;;;3535402;;;;;;;;;;;;;353555402
;;;3535031;;;;;;;;;;;;;353555031
;;;3535403;;;;;;;;;;;;;353555403
;;;3534566;;;;;;;;;;;;;353554566
;;;3535418;;;;;;;;;;;;;353555418
;;;3534567;;;;;;;;;;;;;353554567
;;;3535419;;;;;;;;;;;;;353555419
;;;3534568;;;;;;;;;;;;;353554568
;;;3535420;;;;;;;;;;;;;353555420
;;;3534569;;;;;;;;;;;;;353554569
;;;3535421;;;;;;;;;;;;;353555421
;;;3534570;;;;;;;;;;;;;353554570
;;;3535422;;;;;;;;;;;;;353555422
;;;3534571;;;;;;;;;;;;;353554571
;;;3535423;;;;;;;;;;;;;353555423
;;;3534572;;;;;;;;;;;;;353554572
;;;3535424;;;;;;;;;;;;;353555424
;;;3534573;;;;;;;;;;;;;353554573
;;;3535425;;;;;;;;;;;;;353555425
;;;3534574;;;;;;;;;;;;;353554574
;;;3535426;;;;;;;;;;;;;353555426
;;;3534575;;;;;;;;;;;;;353554575
;;;3535427;;;;;;;;;;;;;353555427
;;;3534576;;;;;;;;;;;;;353554576
;;;3535428;;;;;;;;;;;;;353555428
;;;3535429;;;;;;;;;;;;;353555429
;;;3534870;;;;;;;;;;;;;353554870
;;;3535430;;;;;;;;;;;;;353555430
;;;3534871;;;;;;;;;;;;;353554871
;;;3535431;;;;;;;;;;;;;353555431
;;;3534872;;;;;;;;;;;;;353554872
;;;3535432;;;;;;;;;;;;;353555432
;;;3534873;;;;;;;;;;;;;353554873
;;;3535433;;;;;;;;;;;;;353555433
;;;3534874;;;;;;;;;;;;;353554874
;;;3535434;;;;;;;;;;;;;353555434
;;;3534875;;;;;;;;;;;;;353554875
;;;3535435;;;;;;;;;;;;;353555435
;;;3534876;;;;;;;;;;;;;353554876
;;;3535436;;;;;;;;;;;;;353555436
;;;3534877;;;;;;;;;;;;;353554877
;;;3535437;;;;;;;;;;;;;353555437
;;;3535123;;;;;;;;;;;;;353555123
;;;3535438;;;;;;;;;;;;;353555438
;;;3535128;;;;;;;;;;;;;353555128
;;;3535687;;;;;;;;;;;;;353555687
;;;3535129;;;;;;;;;;;;;353555129
;;;3535688;;;;;;;;;;;;;353555688
;;;3535130;;;;;;;;;;;;;353555130
;;;3535689;;;;;;;;;;;;;353555689
;;;3535690;;;;;;;;;;;;;353555690
;;;3535691;;;;;;;;;;;;;353555691
;;;3535750;;;;;;;;;;;;;353555750
;;;3535751;;;;;;;;;;;;;353555751
;;;3535752;;;;;;;;;;;;;353555752
;;;3534896;;;;;;;;;;;;;353554896
;;;3535570;;;;;;;;;;;;;353555570
;;;3535053;;;;;;;;;;;;;353555053
;;;3535571;;;;;;;;;;;;;353555571
;;;3535093;;;;;;;;;;;;;353555093
;;;3535572;;;;;;;;;;;;;353555572
;;;3535729;;;;;;;;;;;;;353555729
;;;3535008;;;;;;;;;;;;;353555008
;;;3535647;;;;;;;;;;;;;353555647
;;;3535009;;;;;;;;;;;;;353555009
;;;3535648;;;;;;;;;;;;;353555648
;;;3535649;;;;;;;;;;;;;353555649
;;;3534909;;;;;;;;;;;;;353554909
;;;3535527;;;;;;;;;;;;;353555527
;;;3534910;;;;;;;;;;;;;353554910
;;;3535528;;;;;;;;;;;;;353555528
;;;3534911;;;;;;;;;;;;;353554911
;;;3535529;;;;;;;;;;;;;353555529
;;;3534912;;;;;;;;;;;;;353554912
;;;3535530;;;;;;;;;;;;;353555530
;;;3534930;;;;;;;;;;;;;353554930
;;;3535666;;;;;;;;;;;;;353555666
;;;3534931;;;;;;;;;;;;;353554931
;;;3534913;;;;;;;;;;;;;353554913
;;;3535295;;;;;;;;;;;;;353555295
;;;3534914;;;;;;;;;;;;;353554914
;;;3535296;;;;;;;;;;;;;353555296
;;;3534915;;;;;;;;;;;;;353554915
;;;3535297;;;;;;;;;;;;;353555297
;;;3534916;;;;;;;;;;;;;353554916
;;;3535298;;;;;;;;;;;;;353555298
;;;3534917;;;;;;;;;;;;;353554917
;;;3535299;;;;;;;;;;;;;353555299
;;;3534918;;;;;;;;;;;;;353554918
;;;3535300;;;;;;;;;;;;;353555300
;;;3534919;;;;;;;;;;;;;353554919
;;;3535301;;;;;;;;;;;;;353555301
;;;3534920;;;;;;;;;;;;;353554920
;;;3535302;;;;;;;;;;;;;353555302
;;;3534921;;;;;;;;;;;;;353554921
;;;3535303;;;;;;;;;;;;;353555303
;;;3534922;;;;;;;;;;;;;353554922
;;;3535304;;;;;;;;;;;;;353555304
;;;3534923;;;;;;;;;;;;;353554923
;;;3535305;;;;;;;;;;;;;353555305
;;;3534924;;;;;;;;;;;;;353554924
;;;3535306;;;;;;;;;;;;;353555306
;;;3535054;;;;;;;;;;;;;353555054
;;;3535674;;;;;;;;;;;;;353555674
;;;3535055;;;;;;;;;;;;;353555055
;;;3535711;;;;;;;;;;;;;353555711
;;;3535712;;;;;;;;;;;;;353555712
;;;3535713;;;;;;;;;;;;;353555713
;;;3554754;;;;;;;;;;;;;355554754
;;;3555233;;;;;;;;;;;;;355555233
;;;3555048;;;;;;;;;;;;;355555048
;;;3555288;;;;;;;;;;;;;355555288
;;;3555103;;;;;;;;;;;;;355555103
;;;3555735;;;;;;;;;;;;;355555735
;;;3555124;;;;;;;;;;;;;355555124
;;;3555736;;;;;;;;;;;;;355555736
;;;3555737;;;;;;;;;;;;;355555737
;;;3554667;;;;;;;;;;;;;355554667
;;;3555692;;;;;;;;;;;;;355555692
;;;3554668;;;;;;;;;;;;;355554668
;;;3555693;;;;;;;;;;;;;355555693
;;;3554669;;;;;;;;;;;;;355554669
;;;3555694;;;;;;;;;;;;;355555694
;;;3554670;;;;;;;;;;;;;355554670
;;;3555695;;;;;;;;;;;;;355555695
;;;3554634;;;;;;;;;;;;;355554634
;;;3555489;;;;;;;;;;;;;355555489
;;;3554635;;;;;;;;;;;;;355554635
;;;3555490;;;;;;;;;;;;;355555490
;;;3554636;;;;;;;;;;;;;355554636
;;;3555491;;;;;;;;;;;;;355555491
;;;3554637;;;;;;;;;;;;;355554637
;;;3555492;;;;;;;;;;;;;355555492
;;;3554638;;;;;;;;;;;;;355554638
;;;3555493;;;;;;;;;;;;;355555493
;;;3554639;;;;;;;;;;;;;355554639
;;;3555494;;;;;;;;;;;;;355555494
;;;3554640;;;;;;;;;;;;;355554640
;;;3555495;;;;;;;;;;;;;355555495
;;;3554641;;;;;;;;;;;;;355554641
;;;3555496;;;;;;;;;;;;;355555496
;;;3554642;;;;;;;;;;;;;355554642
;;;3555497;;;;;;;;;;;;;355555497
;;;3554643;;;;;;;;;;;;;355554643
;;;3555498;;;;;;;;;;;;;355555498
;;;3554644;;;;;;;;;;;;;355554644
;;;3555499;;;;;;;;;;;;;355555499
;;;3554645;;;;;;;;;;;;;355554645
;;;3555020;;;;;;;;;;;;;355555020
;;;3555512;;;;;;;;;;;;;355555512
;;;3555021;;;;;;;;;;;;;355555021
;;;3555513;;;;;;;;;;;;;355555513
;;;3555022;;;;;;;;;;;;;355555022
;;;3555514;;;;;;;;;;;;;355555514
;;;3555099;;;;;;;;;;;;;355555099
;;;3555515;;;;;;;;;;;;;355555515
;;;3555100;;;;;;;;;;;;;355555100
;;;3555516;;;;;;;;;;;;;355555516
;;;3555101;;;;;;;;;;;;;355555101
;;;3555517;;;;;;;;;;;;;355555517
;;;3555102;;;;;;;;;;;;;355555102
;;;3555518;;;;;;;;;;;;;355555518
;;;3555749;;;;;;;;;;;;;355555749
;;;3554967;;;;;;;;;;;;;355554967
;;;3555446;;;;;;;;;;;;;355555446
;;;3554968;;;;;;;;;;;;;355554968
;;;3555447;;;;;;;;;;;;;355555447
;;;3554969;;;;;;;;;;;;;355554969
;;;3555448;;;;;;;;;;;;;355555448
;;;3555449;;;;;;;;;;;;;355555449
;;;3555010;;;;;;;;;;;;;355555010
;;;3555643;;;;;;;;;;;;;355555643
;;;3555011;;;;;;;;;;;;;355555011
;;;3555644;;;;;;;;;;;;;355555644
;;;3555645;;;;;;;;;;;;;355555645
;;;3554653;;;;;;;;;;;;;355554653
;;;3555519;;;;;;;;;;;;;355555519
;;;3554654;;;;;;;;;;;;;355554654
;;;3555520;;;;;;;;;;;;;355555520
;;;3554655;;;;;;;;;;;;;355554655
;;;3555521;;;;;;;;;;;;;355555521
;;;3555042;;;;;;;;;;;;;355555042
;;;3555522;;;;;;;;;;;;;355555522
;;;3555043;;;;;;;;;;;;;355555043
;;;3555672;;;;;;;;;;;;;355555672
;;;3555111;;;;;;;;;;;;;355555111
;;;3555673;;;;;;;;;;;;;355555673
;;;3554813;;;;;;;;;;;;;355554813
;;;3555500;;;;;;;;;;;;;355555500
;;;3554814;;;;;;;;;;;;;355554814
;;;3555501;;;;;;;;;;;;;355555501
;;;3554815;;;;;;;;;;;;;355554815
;;;3555502;;;;;;;;;;;;;355555502
;;;3554816;;;;;;;;;;;;;355554816
;;;3555503;;;;;;;;;;;;;355555503
;;;3554817;;;;;;;;;;;;;355554817
;;;3555504;;;;;;;;;;;;;355555504
;;;3555023;;;;;;;;;;;;;355555023
;;;3555505;;;;;;;;;;;;;355555505
;;;3555131;;;;;;;;;;;;;355555131
;;;3555506;;;;;;;;;;;;;355555506
;;;3555132;;;;;;;;;;;;;355555132
;;;3555507;;;;;;;;;;;;;355555507
;;;3555133;;;;;;;;;;;;;355555133
;;;3555508;;;;;;;;;;;;;355555508
;;;3555134;;;;;;;;;;;;;355555134
;;;3555509;;;;;;;;;;;;;355555509
;;;3555135;;;;;;;;;;;;;355555135
;;;3555510;;;;;;;;;;;;;355555510
;;;3555136;;;;;;;;;;;;;355555136
;;;3555511;;;;;;;;;;;;;355555511
;;;3574672;;;;;;;;;;;;;357554672
;;;3575584;;;;;;;;;;;;;357555584
;;;3574673;;;;;;;;;;;;;357554673
;;;3575585;;;;;;;;;;;;;357555585
;;;3574674;;;;;;;;;;;;;357554674
;;;3575586;;;;;;;;;;;;;357555586
;;;3574675;;;;;;;;;;;;;357554675
;;;3575587;;;;;;;;;;;;;357555587
;;;3575588;;;;;;;;;;;;;357555588
;;;3574709;;;;;;;;;;;;;357554709
;;;3575348;;;;;;;;;;;;;357555348
;;;3574710;;;;;;;;;;;;;357554710
;;;3575543;;;;;;;;;;;;;357555543
;;;3574711;;;;;;;;;;;;;357554711
;;;3575544;;;;;;;;;;;;;357555544
;;;3575073;;;;;;;;;;;;;357555073
;;;3575545;;;;;;;;;;;;;357555545
;;;3575074;;;;;;;;;;;;;357555074
;;;3575546;;;;;;;;;;;;;357555546
;;;3575075;;;;;;;;;;;;;357555075
;;;3574758;;;;;;;;;;;;;357554758
;;;3575234;;;;;;;;;;;;;357555234
;;;3575051;;;;;;;;;;;;;357555051
;;;3575293;;;;;;;;;;;;;357555293
;;;3575109;;;;;;;;;;;;;357555109
;;;3575667;;;;;;;;;;;;;357555667
;;;3575110;;;;;;;;;;;;;357555110
;;;3575668;;;;;;;;;;;;;357555668
;;;3575741;;;;;;;;;;;;;357555741
;;;3574947;;;;;;;;;;;;;357554947
;;;3575450;;;;;;;;;;;;;357555450
;;;3574948;;;;;;;;;;;;;357554948
;;;3575488;;;;;;;;;;;;;357555488
;;;3574949;;;;;;;;;;;;;357554949
;;;3575714;;;;;;;;;;;;;357555714
;;;3574950;;;;;;;;;;;;;357554950
;;;3575715;;;;;;;;;;;;;357555715
;;;3574951;;;;;;;;;;;;;357554951
;;;3575716;;;;;;;;;;;;;357555716
;;;3574952;;;;;;;;;;;;;357554952
;;;3574953;;;;;;;;;;;;;357554953
;;;3574954;;;;;;;;;;;;;357554954
;;;3574955;;;;;;;;;;;;;357554955
;;;3574956;;;;;;;;;;;;;357554956
;;;3574586;;;;;;;;;;;;;357554586
;;;3575189;;;;;;;;;;;;;357555189
;;;3574587;;;;;;;;;;;;;357554587
;;;3575190;;;;;;;;;;;;;357555190
;;;3574588;;;;;;;;;;;;;357554588
;;;3575191;;;;;;;;;;;;;357555191
;;;3574589;;;;;;;;;;;;;357554589
;;;3575192;;;;;;;;;;;;;357555192
;;;3574590;;;;;;;;;;;;;357554590
;;;3575193;;;;;;;;;;;;;357555193
;;;3574591;;;;;;;;;;;;;357554591
;;;3575194;;;;;;;;;;;;;357555194
;;;3574592;;;;;;;;;;;;;357554592
;;;3575195;;;;;;;;;;;;;357555195
;;;3574593;;;;;;;;;;;;;357554593
;;;3575196;;;;;;;;;;;;;357555196
;;;3574594;;;;;;;;;;;;;357554594
;;;3575197;;;;;;;;;;;;;357555197
;;;3574646;;;;;;;;;;;;;357554646
;;;3575723;;;;;;;;;;;;;357555723
;;;3575726;;;;;;;;;;;;;357555726
;;;3574825;;;;;;;;;;;;;357554825
;;;3575328;;;;;;;;;;;;;357555328
;;;3574826;;;;;;;;;;;;;357554826
;;;3575329;;;;;;;;;;;;;357555329
;;;3574827;;;;;;;;;;;;;357554827
;;;3575330;;;;;;;;;;;;;357555330
;;;3574828;;;;;;;;;;;;;357554828
;;;3575331;;;;;;;;;;;;;357555331
;;;3574829;;;;;;;;;;;;;357554829
;;;3575332;;;;;;;;;;;;;357555332
;;;3574830;;;;;;;;;;;;;357554830
;;;3575333;;;;;;;;;;;;;357555333
;;;3575058;;;;;;;;;;;;;357555058
;;;3575059;;;;;;;;;;;;;357555059
;;;3575060;;;;;;;;;;;;;357555060
;;;3575061;;;;;;;;;;;;;357555061
;;;3575094;;;;;;;;;;;;;357555094
;;;3575661;;;;;;;;;;;;;357555661
;;;3575095;;;;;;;;;;;;;357555095
;;;3575662;;;;;;;;;;;;;357555662
;;;3575743;;;;;;;;;;;;;357555743
;;;3575744;;;;;;;;;;;;;357555744
;;;3574895;;;;;;;;;;;;;357554895
;;;3575573;;;;;;;;;;;;;357555573
;;;3575044;;;;;;;;;;;;;357555044
;;;3575574;;;;;;;;;;;;;357555574
;;;3575045;;;;;;;;;;;;;357555045
;;;3575575;;;;;;;;;;;;;357555575
;;;3575665;;;;;;;;;;;;;357555665
;;;3575012;;;;;;;;;;;;;357555012
;;;3575632;;;;;;;;;;;;;357555632
;;;3575013;;;;;;;;;;;;;357555013
;;;3575633;;;;;;;;;;;;;357555633
;;;3575634;;;;;;;;;;;;;357555634
;;;3574680;;;;;;;;;;;;;357554680
;;;3575623;;;;;;;;;;;;;357555623
;;;3574681;;;;;;;;;;;;;357554681
;;;3575624;;;;;;;;;;;;;357555624
;;;3574682;;;;;;;;;;;;;357554682
;;;3575625;;;;;;;;;;;;;357555625
;;;3574683;;;;;;;;;;;;;357554683
;;;3575626;;;;;;;;;;;;;357555626
;;;3575035;;;;;;;;;;;;;357555035
;;;3575627;;;;;;;;;;;;;357555627
;;;3584676;;;;;;;;;;;;;358554676
;;;3585589;;;;;;;;;;;;;358555589
;;;3584677;;;;;;;;;;;;;358554677
;;;3585590;;;;;;;;;;;;;358555590
;;;3584678;;;;;;;;;;;;;358554678
;;;3585591;;;;;;;;;;;;;358555591
;;;3584679;;;;;;;;;;;;;358554679
;;;3585592;;;;;;;;;;;;;358555592
;;;3585593;;;;;;;;;;;;;358555593
;;;3584712;;;;;;;;;;;;;358554712
;;;3585349;;;;;;;;;;;;;358555349
;;;3584713;;;;;;;;;;;;;358554713
;;;3585547;;;;;;;;;;;;;358555547
;;;3584714;;;;;;;;;;;;;358554714
;;;3585548;;;;;;;;;;;;;358555548
;;;3585080;;;;;;;;;;;;;358555080
;;;3585549;;;;;;;;;;;;;358555549
;;;3585081;;;;;;;;;;;;;358555081
;;;3585550;;;;;;;;;;;;;358555550
;;;3585082;;;;;;;;;;;;;358555082
;;;3584757;;;;;;;;;;;;;358554757
;;;3585229;;;;;;;;;;;;;358555229
;;;3585049;;;;;;;;;;;;;358555049
;;;3585292;;;;;;;;;;;;;358555292
;;;3585105;;;;;;;;;;;;;358555105
;;;3585738;;;;;;;;;;;;;358555738
;;;3585106;;;;;;;;;;;;;358555106
;;;3585739;;;;;;;;;;;;;358555739
;;;3585740;;;;;;;;;;;;;358555740
;;;3584957;;;;;;;;;;;;;358554957
;;;3585453;;;;;;;;;;;;;358555453
;;;3584958;;;;;;;;;;;;;358554958
;;;3585454;;;;;;;;;;;;;358555454
;;;3584959;;;;;;;;;;;;;358554959
;;;3585717;;;;;;;;;;;;;358555717
;;;3584960;;;;;;;;;;;;;358554960
;;;3585718;;;;;;;;;;;;;358555718
;;;3584961;;;;;;;;;;;;;358554961
;;;3585719;;;;;;;;;;;;;358555719
;;;3584962;;;;;;;;;;;;;358554962
;;;3584963;;;;;;;;;;;;;358554963
;;;3584964;;;;;;;;;;;;;358554964
;;;3584965;;;;;;;;;;;;;358554965
;;;3584966;;;;;;;;;;;;;358554966
;;;3584595;;;;;;;;;;;;;358554595
;;;3585218;;;;;;;;;;;;;358555218
;;;3584596;;;;;;;;;;;;;358554596
;;;3585219;;;;;;;;;;;;;358555219
;;;3584597;;;;;;;;;;;;;358554597
;;;3585220;;;;;;;;;;;;;358555220
;;;3584598;;;;;;;;;;;;;358554598
;;;3585221;;;;;;;;;;;;;358555221
;;;3584599;;;;;;;;;;;;;358554599
;;;3585222;;;;;;;;;;;;;358555222
;;;3584600;;;;;;;;;;;;;358554600
;;;3585223;;;;;;;;;;;;;358555223
;;;3584601;;;;;;;;;;;;;358554601
;;;3585224;;;;;;;;;;;;;358555224
;;;3584602;;;;;;;;;;;;;358554602
;;;3585225;;;;;;;;;;;;;358555225
;;;3584603;;;;;;;;;;;;;358554603
;;;3585226;;;;;;;;;;;;;358555226
;;;3584647;;;;;;;;;;;;;358554647
;;;3585724;;;;;;;;;;;;;358555724
;;;3585725;;;;;;;;;;;;;358555725
;;;3584785;;;;;;;;;;;;;358554785
;;;3585576;;;;;;;;;;;;;358555576
;;;3584786;;;;;;;;;;;;;358554786
;;;3585705;;;;;;;;;;;;;358555705
;;;3584787;;;;;;;;;;;;;358554787
;;;3585706;;;;;;;;;;;;;358555706
;;;3584788;;;;;;;;;;;;;358554788
;;;3585734;;;;;;;;;;;;;358555734
;;;3584789;;;;;;;;;;;;;358554789
;;;3585763;;;;;;;;;;;;;358555763
;;;3585159;;;;;;;;;;;;;358555159
;;;3585160;;;;;;;;;;;;;358555160
;;;3585161;;;;;;;;;;;;;358555161
;;;3585096;;;;;;;;;;;;;358555096
;;;3585663;;;;;;;;;;;;;358555663
;;;3585097;;;;;;;;;;;;;358555097
;;;3585664;;;;;;;;;;;;;358555664
;;;3585753;;;;;;;;;;;;;358555753
;;;3585761;;;;;;;;;;;;;358555761
;;;3584925;;;;;;;;;;;;;358554925
;;;3585531;;;;;;;;;;;;;358555531
;;;3584926;;;;;;;;;;;;;358554926
;;;3585532;;;;;;;;;;;;;358555532
;;;3584927;;;;;;;;;;;;;358554927
;;;3585533;;;;;;;;;;;;;358555533
;;;3584928;;;;;;;;;;;;;358554928
;;;3585534;;;;;;;;;;;;;358555534
;;;3584929;;;;;;;;;;;;;358554929
;;;3585535;;;;;;;;;;;;;358555535
;;;3585014;;;;;;;;;;;;;358555014
;;;3585655;;;;;;;;;;;;;358555655
;;;3585015;;;;;;;;;;;;;358555015
;;;3585656;;;;;;;;;;;;;358555656
;;;3585657;;;;;;;;;;;;;358555657
;;;3585000;;;;;;;;;;;;;358555000
;;;3585722;;;;;;;;;;;;;358555722
;;;3585001;;;;;;;;;;;;;358555001
;;;3585628;;;;;;;;;;;;;358555628
;;;3585002;;;;;;;;;;;;;358555002
;;;3585629;;;;;;;;;;;;;358555629
;;;3585003;;;;;;;;;;;;;358555003
;;;3585630;;;;;;;;;;;;;358555630
;;;3585036;;;;;;;;;;;;;358555036
;;;3585631;;;;;;;;;;;;;358555631
;;;3594851;;;;;;;;;;;;;359554851
;;;3595390;;;;;;;;;;;;;359555390
;;;3594852;;;;;;;;;;;;;359554852
;;;3595391;;;;;;;;;;;;;359555391
;;;3594853;;;;;;;;;;;;;359554853
;;;3595392;;;;;;;;;;;;;359555392
;;;3594854;;;;;;;;;;;;;359554854
;;;3595040;;;;;;;;;;;;;359555040
;;;3595041;;;;;;;;;;;;;359555041
;;;3595148;;;;;;;;;;;;;359555148
;;;3595149;;;;;;;;;;;;;359555149
;;;3594715;;;;;;;;;;;;;359554715
;;;3595350;;;;;;;;;;;;;359555350
;;;3594716;;;;;;;;;;;;;359554716
;;;3595551;;;;;;;;;;;;;359555551
;;;3594717;;;;;;;;;;;;;359554717
;;;3595552;;;;;;;;;;;;;359555552
;;;3595076;;;;;;;;;;;;;359555076
;;;3595720;;;;;;;;;;;;;359555720
;;;3595077;;;;;;;;;;;;;359555077
;;;3595078;;;;;;;;;;;;;359555078
;;;3595079;;;;;;;;;;;;;359555079
;;;3594775;;;;;;;;;;;;;359554775
;;;3595235;;;;;;;;;;;;;359555235
;;;3595052;;;;;;;;;;;;;359555052
;;;3595294;;;;;;;;;;;;;359555294
;;;3595107;;;;;;;;;;;;;359555107
;;;3595669;;;;;;;;;;;;;359555669
;;;3595108;;;;;;;;;;;;;359555108
;;;3595670;;;;;;;;;;;;;359555670
;;;3595671;;;;;;;;;;;;;359555671
;;;3594879;;;;;;;;;;;;;359554879
;;;3595274;;;;;;;;;;;;;359555274
;;;3594880;;;;;;;;;;;;;359554880
;;;3595275;;;;;;;;;;;;;359555275
;;;3594881;;;;;;;;;;;;;359554881
;;;3595276;;;;;;;;;;;;;359555276
;;;3594882;;;;;;;;;;;;;359554882
;;;3595277;;;;;;;;;;;;;359555277
;;;3594883;;;;;;;;;;;;;359554883
;;;3595278;;;;;;;;;;;;;359555278
;;;3594884;;;;;;;;;;;;;359554884
;;;3595279;;;;;;;;;;;;;359555279
;;;3594885;;;;;;;;;;;;;359554885
;;;3595280;;;;;;;;;;;;;359555280
;;;3594886;;;;;;;;;;;;;359554886
;;;3594604;;;;;;;;;;;;;359554604
;;;3595198;;;;;;;;;;;;;359555198
;;;3594605;;;;;;;;;;;;;359554605
;;;3595199;;;;;;;;;;;;;359555199
;;;3594606;;;;;;;;;;;;;359554606
;;;3595200;;;;;;;;;;;;;359555200
;;;3594607;;;;;;;;;;;;;359554607
;;;3595201;;;;;;;;;;;;;359555201
;;;3594608;;;;;;;;;;;;;359554608
;;;3595202;;;;;;;;;;;;;359555202
;;;3594609;;;;;;;;;;;;;359554609
;;;3595203;;;;;;;;;;;;;359555203
;;;3594610;;;;;;;;;;;;;359554610
;;;3595204;;;;;;;;;;;;;359555204
;;;3594611;;;;;;;;;;;;;359554611
;;;3595205;;;;;;;;;;;;;359555205
;;;3594612;;;;;;;;;;;;;359554612
;;;3595206;;;;;;;;;;;;;359555206
;;;3594648;;;;;;;;;;;;;359554648
;;;3595207;;;;;;;;;;;;;359555207
;;;3595727;;;;;;;;;;;;;359555727
;;;3594831;;;;;;;;;;;;;359554831
;;;3595338;;;;;;;;;;;;;359555338
;;;3594832;;;;;;;;;;;;;359554832
;;;3595339;;;;;;;;;;;;;359555339
;;;3594833;;;;;;;;;;;;;359554833
;;;3595340;;;;;;;;;;;;;359555340
;;;3594834;;;;;;;;;;;;;359554834
;;;3595341;;;;;;;;;;;;;359555341
;;;3594835;;;;;;;;;;;;;359554835
;;;3595342;;;;;;;;;;;;;359555342
;;;3594836;;;;;;;;;;;;;359554836
;;;3595062;;;;;;;;;;;;;359555062
;;;3595063;;;;;;;;;;;;;359555063
;;;3595064;;;;;;;;;;;;;359555064
;;;3595065;;;;;;;;;;;;;359555065
;;;3594843;;;;;;;;;;;;;359554843
;;;3595386;;;;;;;;;;;;;359555386
;;;3594844;;;;;;;;;;;;;359554844
;;;3595387;;;;;;;;;;;;;359555387
;;;3594845;;;;;;;;;;;;;359554845
;;;3594846;;;;;;;;;;;;;359554846
;;;3595144;;;;;;;;;;;;;359555144
;;;3595145;;;;;;;;;;;;;359555145
;;;3595754;;;;;;;;;;;;;359555754
;;;3595771;;;;;;;;;;;;;359555771
;;;3594684;;;;;;;;;;;;;359554684
;;;3595613;;;;;;;;;;;;;359555613
;;;3594685;;;;;;;;;;;;;359554685
;;;3595614;;;;;;;;;;;;;359555614
;;;3594686;;;;;;;;;;;;;359554686
;;;3595615;;;;;;;;;;;;;359555615
;;;3594687;;;;;;;;;;;;;359554687
;;;3595616;;;;;;;;;;;;;359555616
;;;3595617;;;;;;;;;;;;;359555617
;;;3595016;;;;;;;;;;;;;359555016
;;;3595635;;;;;;;;;;;;;359555635
;;;3595017;;;;;;;;;;;;;359555017
;;;3595636;;;;;;;;;;;;;359555636
;;;3595637;;;;;;;;;;;;;359555637
;;;3594970;;;;;;;;;;;;;359554970
;;;3595456;;;;;;;;;;;;;359555456
;;;3594971;;;;;;;;;;;;;359554971
;;;3595457;;;;;;;;;;;;;359555457
;;;3594972;;;;;;;;;;;;;359554972
;;;3595458;;;;;;;;;;;;;359555458
;;;3594973;;;;;;;;;;;;;359554973
;;;3595459;;;;;;;;;;;;;359555459
;;;3594974;;;;;;;;;;;;;359554974
;;;3595460;;;;;;;;;;;;;359555460
;;;3594975;;;;;;;;;;;;;359554975
;;;3595461;;;;;;;;;;;;;359555461
;;;3594976;;;;;;;;;;;;;359554976
;;;3595462;;;;;;;;;;;;;359555462
;;;3594977;;;;;;;;;;;;;359554977
;;;3595463;;;;;;;;;;;;;359555463
;;;3594978;;;;;;;;;;;;;359554978
;;;3595464;;;;;;;;;;;;;359555464
;;;3594979;;;;;;;;;;;;;359554979
;;;3595465;;;;;;;;;;;;;359555465
;;;3595466;;;;;;;;;;;;;359555466
;;;3604688;;;;;;;;;;;;;360554688
;;;3605594;;;;;;;;;;;;;360555594
;;;3604689;;;;;;;;;;;;;360554689
;;;3605595;;;;;;;;;;;;;360555595
;;;3604690;;;;;;;;;;;;;360554690
;;;3605596;;;;;;;;;;;;;360555596
;;;3604691;;;;;;;;;;;;;360554691
;;;3605597;;;;;;;;;;;;;360555597
;;;3605598;;;;;;;;;;;;;360555598
;;;3604721;;;;;;;;;;;;;360554721
;;;3605351;;;;;;;;;;;;;360555351
;;;3604722;;;;;;;;;;;;;360554722
;;;3605556;;;;;;;;;;;;;360555556
;;;3604723;;;;;;;;;;;;;360554723
;;;3605557;;;;;;;;;;;;;360555557
;;;3605083;;;;;;;;;;;;;360555083
;;;3605558;;;;;;;;;;;;;360555558
;;;3605084;;;;;;;;;;;;;360555084
;;;3605085;;;;;;;;;;;;;360555085
;;;3605086;;;;;;;;;;;;;360555086
;;;3604708;;;;;;;;;;;;;360554708
;;;3605236;;;;;;;;;;;;;360555236
;;;3605056;;;;;;;;;;;;;360555056
;;;3605239;;;;;;;;;;;;;360555239
;;;3605117;;;;;;;;;;;;;360555117
;;;3605678;;;;;;;;;;;;;360555678
;;;3605118;;;;;;;;;;;;;360555118
;;;3605679;;;;;;;;;;;;;360555679
;;;3605680;;;;;;;;;;;;;360555680
;;;3604887;;;;;;;;;;;;;360554887
;;;3605281;;;;;;;;;;;;;360555281
;;;3604888;;;;;;;;;;;;;360554888
;;;3605282;;;;;;;;;;;;;360555282
;;;3604889;;;;;;;;;;;;;360554889
;;;3605283;;;;;;;;;;;;;360555283
;;;3604890;;;;;;;;;;;;;360554890
;;;3605284;;;;;;;;;;;;;360555284
;;;3604891;;;;;;;;;;;;;360554891
;;;3605285;;;;;;;;;;;;;360555285
;;;3604892;;;;;;;;;;;;;360554892
;;;3605286;;;;;;;;;;;;;360555286
;;;3604893;;;;;;;;;;;;;360554893
;;;3605287;;;;;;;;;;;;;360555287
;;;3604894;;;;;;;;;;;;;360554894
;;;3604613;;;;;;;;;;;;;360554613
;;;3605208;;;;;;;;;;;;;360555208
;;;3604614;;;;;;;;;;;;;360554614
;;;3605209;;;;;;;;;;;;;360555209
;;;3604615;;;;;;;;;;;;;360554615
;;;3605210;;;;;;;;;;;;;360555210
;;;3604616;;;;;;;;;;;;;360554616
;;;3605211;;;;;;;;;;;;;360555211
;;;3604617;;;;;;;;;;;;;360554617
;;;3605212;;;;;;;;;;;;;360555212
;;;3604618;;;;;;;;;;;;;360554618
;;;3605213;;;;;;;;;;;;;360555213
;;;3604619;;;;;;;;;;;;;360554619
;;;3605214;;;;;;;;;;;;;360555214
;;;3604620;;;;;;;;;;;;;360554620
;;;3605215;;;;;;;;;;;;;360555215
;;;3604621;;;;;;;;;;;;;360554621
;;;3605216;;;;;;;;;;;;;360555216
;;;3604649;;;;;;;;;;;;;360554649
;;;3605217;;;;;;;;;;;;;360555217
;;;3605728;;;;;;;;;;;;;360555728
;;;3604790;;;;;;;;;;;;;360554790
;;;3605577;;;;;;;;;;;;;360555577
;;;3604791;;;;;;;;;;;;;360554791
;;;3605731;;;;;;;;;;;;;360555731
;;;3604792;;;;;;;;;;;;;360554792
;;;3605732;;;;;;;;;;;;;360555732
;;;3604793;;;;;;;;;;;;;360554793
;;;3605733;;;;;;;;;;;;;360555733
;;;3604794;;;;;;;;;;;;;360554794
;;;3605745;;;;;;;;;;;;;360555745
;;;3605154;;;;;;;;;;;;;360555154
;;;3605155;;;;;;;;;;;;;360555155
;;;3605156;;;;;;;;;;;;;360555156
;;;3604847;;;;;;;;;;;;;360554847
;;;3605388;;;;;;;;;;;;;360555388
;;;3604848;;;;;;;;;;;;;360554848
;;;3605389;;;;;;;;;;;;;360555389
;;;3604849;;;;;;;;;;;;;360554849
;;;3604850;;;;;;;;;;;;;360554850
;;;3605146;;;;;;;;;;;;;360555146
;;;3605147;;;;;;;;;;;;;360555147
;;;3605755;;;;;;;;;;;;;360555755
;;;3605756;;;;;;;;;;;;;360555756
;;;3605024;;;;;;;;;;;;;360555024
;;;3605638;;;;;;;;;;;;;360555638
;;;3605025;;;;;;;;;;;;;360555025
;;;3605639;;;;;;;;;;;;;360555639
;;;3605026;;;;;;;;;;;;;360555026
;;;3605640;;;;;;;;;;;;;360555640
;;;3605027;;;;;;;;;;;;;360555027
;;;3605641;;;;;;;;;;;;;360555641
;;;3605642;;;;;;;;;;;;;360555642
;;;3605018;;;;;;;;;;;;;360555018
;;;3605658;;;;;;;;;;;;;360555658
;;;3605019;;;;;;;;;;;;;360555019
;;;3605659;;;;;;;;;;;;;360555659
;;;3605660;;;;;;;;;;;;;360555660
;;;3604980;;;;;;;;;;;;;360554980
;;;3605467;;;;;;;;;;;;;360555467
;;;3604981;;;;;;;;;;;;;360554981
;;;3605468;;;;;;;;;;;;;360555468
;;;3604982;;;;;;;;;;;;;360554982
;;;3605469;;;;;;;;;;;;;360555469
;;;3604983;;;;;;;;;;;;;360554983
;;;3605470;;;;;;;;;;;;;360555470
;;;3604984;;;;;;;;;;;;;360554984
;;;3605471;;;;;;;;;;;;;360555471
;;;3604985;;;;;;;;;;;;;360554985
;;;3605472;;;;;;;;;;;;;360555472
;;;3604986;;;;;;;;;;;;;360554986
;;;3605473;;;;;;;;;;;;;360555473
;;;3604987;;;;;;;;;;;;;360554987
;;;3605474;;;;;;;;;;;;;360555474
;;;3604988;;;;;;;;;;;;;360554988
;;;3605475;;;;;;;;;;;;;360555475
;;;3604989;;;;;;;;;;;;;360554989
;;;3605476;;;;;;;;;;;;;360555476
;;;3605477;;;;;;;;;;;;;360555477
;;;3614692;;;;;;;;;;;;;361554692
;;;3615599;;;;;;;;;;;;;361555599
;;;3614693;;;;;;;;;;;;;361554693
;;;3615600;;;;;;;;;;;;;361555600
;;;3614694;;;;;;;;;;;;;361554694
;;;3615601;;;;;;;;;;;;;361555601
;;;3614695;;;;;;;;;;;;;361554695
;;;3615602;;;;;;;;;;;;;361555602
;;;3615603;;;;;;;;;;;;;361555603
;;;3614897;;;;;;;;;;;;;361554897
;;;3615352;;;;;;;;;;;;;361555352
;;;3614932;;;;;;;;;;;;;361554932
;;;3615561;;;;;;;;;;;;;361555561
;;;3614933;;;;;;;;;;;;;361554933
;;;3615562;;;;;;;;;;;;;361555562
;;;3614934;;;;;;;;;;;;;361554934
;;;3615563;;;;;;;;;;;;;361555563
;;;3615037;;;;;;;;;;;;;361555037
;;;3615564;;;;;;;;;;;;;361555564
;;;3615038;;;;;;;;;;;;;361555038
;;;3615565;;;;;;;;;;;;;361555565
;;;3615039;;;;;;;;;;;;;361555039
;;;3614899;;;;;;;;;;;;;361554899
;;;3615237;;;;;;;;;;;;;361555237
;;;3615070;;;;;;;;;;;;;361555070
;;;3615326;;;;;;;;;;;;;361555326
;;;3615121;;;;;;;;;;;;;361555121
;;;3615708;;;;;;;;;;;;;361555708
;;;3615122;;;;;;;;;;;;;361555122
;;;3615709;;;;;;;;;;;;;361555709
;;;3615710;;;;;;;;;;;;;361555710
;;;3614935;;;;;;;;;;;;;361554935
;;;3615486;;;;;;;;;;;;;361555486
;;;3614936;;;;;;;;;;;;;361554936
;;;3615487;;;;;;;;;;;;;361555487
;;;3614937;;;;;;;;;;;;;361554937
;;;3615696;;;;;;;;;;;;;361555696
;;;3614938;;;;;;;;;;;;;361554938
;;;3615697;;;;;;;;;;;;;361555697
;;;3614939;;;;;;;;;;;;;361554939
;;;3615698;;;;;;;;;;;;;361555698
;;;3614940;;;;;;;;;;;;;361554940
;;;3615699;;;;;;;;;;;;;361555699
;;;3614941;;;;;;;;;;;;;361554941
;;;3615700;;;;;;;;;;;;;361555700
;;;3614942;;;;;;;;;;;;;361554942
;;;3615701;;;;;;;;;;;;;361555701
;;;3614943;;;;;;;;;;;;;361554943
;;;3615702;;;;;;;;;;;;;361555702
;;;3614944;;;;;;;;;;;;;361554944
;;;3614945;;;;;;;;;;;;;361554945
;;;3614946;;;;;;;;;;;;;361554946
;;;3614837;;;;;;;;;;;;;361554837
;;;3615343;;;;;;;;;;;;;361555343
;;;3614838;;;;;;;;;;;;;361554838
;;;3615344;;;;;;;;;;;;;361555344
;;;3614839;;;;;;;;;;;;;361554839
;;;3615345;;;;;;;;;;;;;361555345
;;;3614840;;;;;;;;;;;;;361554840
;;;3615346;;;;;;;;;;;;;361555346
;;;3614841;;;;;;;;;;;;;361554841
;;;3615347;;;;;;;;;;;;;361555347
;;;3614842;;;;;;;;;;;;;361554842
;;;3615066;;;;;;;;;;;;;361555066
;;;3615067;;;;;;;;;;;;;361555067
;;;3615068;;;;;;;;;;;;;361555068
;;;3615069;;;;;;;;;;;;;361555069
;;;3615032;;;;;;;;;;;;;361555032
;;;3615604;;;;;;;;;;;;;361555604
;;;3615033;;;;;;;;;;;;;361555033
;;;3615605;;;;;;;;;;;;;361555605
;;;3615034;;;;;;;;;;;;;361555034
;;;3615606;;;;;;;;;;;;;361555606
;;;3615607;;;;;;;;;;;;;361555607
;;;3615757;;;;;;;;;;;;;361555757
;;;3615758;;;;;;;;;;;;;361555758
;;;3614696;;;;;;;;;;;;;361554696
;;;3615608;;;;;;;;;;;;;361555608
;;;3614697;;;;;;;;;;;;;361554697
;;;3615609;;;;;;;;;;;;;361555609
;;;3614698;;;;;;;;;;;;;361554698
;;;3615610;;;;;;;;;;;;;361555610
;;;3614699;;;;;;;;;;;;;361554699
;;;3615611;;;;;;;;;;;;;361555611
;;;3615612;;;;;;;;;;;;;361555612
;;;3615046;;;;;;;;;;;;;361555046
;;;3615289;;;;;;;;;;;;;361555289
;;;3615047;;;;;;;;;;;;;361555047
;;;3615290;;;;;;;;;;;;;361555290
;;;3615291;;;;;;;;;;;;;361555291
;;;3614990;;;;;;;;;;;;;361554990
;;;3615478;;;;;;;;;;;;;361555478
;;;3614991;;;;;;;;;;;;;361554991
;;;3615479;;;;;;;;;;;;;361555479
;;;3614992;;;;;;;;;;;;;361554992
;;;3615480;;;;;;;;;;;;;361555480
;;;3614993;;;;;;;;;;;;;361554993
;;;3615481;;;;;;;;;;;;;361555481
;;;3614994;;;;;;;;;;;;;361554994
;;;3615482;;;;;;;;;;;;;361555482
;;;3614995;;;;;;;;;;;;;361554995
;;;3615483;;;;;;;;;;;;;361555483
;;;3614996;;;;;;;;;;;;;361554996
;;;3615484;;;;;;;;;;;;;361555484
;;;3614997;;;;;;;;;;;;;361554997
;;;3615485;;;;;;;;;;;;;361555485
;;;3614998;;;;;;;;;;;;;361554998
;;;3614999;;;;;;;;;;;;;361554999
;;;3614734;;;;;;;;;;;;;361554734
;;;3615241;;;;;;;;;;;;;361555241
;;;3614735;;;;;;;;;;;;;361554735
;;;3615242;;;;;;;;;;;;;361555242
;;;3614736;;;;;;;;;;;;;361554736
;;;3615243;;;;;;;;;;;;;361555243
;;;3614737;;;;;;;;;;;;;361554737
;;;3615244;;;;;;;;;;;;;361555244
;;;3614738;;;;;;;;;;;;;361554738
;;;3615245;;;;;;;;;;;;;361555245
;;;3614739;;;;;;;;;;;;;361554739
;;;3614740;;;;;;;;;;;;;361554740
;;;3615247;;;;;;;;;;;;;361555247
;;;3614741;;;;;;;;;;;;;361554741
;;;3615248;;;;;;;;;;;;;361555248
;;;3614742;;;;;;;;;;;;;361554742
;;;3615249;;;;;;;;;;;;;361555249
;;;3614743;;;;;;;;;;;;;361554743
;;;3615250;;;;;;;;;;;;;361555250
;;;3615072;;;;;;;;;;;;;361555072
;;;3615251;;;;;;;;;;;;;361555251
;;;3615252;;;;;;;;;;;;;361555252
;;;3634810;;;;;;;;;;;;;363554810
;;;3635523;;;;;;;;;;;;;363555523
;;;3634898;;;;;;;;;;;;;363554898
;;;3635524;;;;;;;;;;;;;363555524
;;;3635525;;;;;;;;;;;;;363555525
;;;3635677;;;;;;;;;;;;;363555677
;;;3634718;;;;;;;;;;;;;363554718
;;;3635353;;;;;;;;;;;;;363555353
;;;3634719;;;;;;;;;;;;;363554719
;;;3635566;;;;;;;;;;;;;363555566
;;;3634720;;;;;;;;;;;;;363554720
;;;3635567;;;;;;;;;;;;;363555567
;;;3635087;;;;;;;;;;;;;363555087
;;;3635568;;;;;;;;;;;;;363555568
;;;3635088;;;;;;;;;;;;;363555088
;;;3635569;;;;;;;;;;;;;363555569
;;;3635089;;;;;;;;;;;;;363555089
;;;3635721;;;;;;;;;;;;;363555721
;;;3635090;;;;;;;;;;;;;363555090
;;;3635091;;;;;;;;;;;;;363555091
;;;3634878;;;;;;;;;;;;;363554878
;;;3635238;;;;;;;;;;;;;363555238
;;;3635057;;;;;;;;;;;;;363555057
;;;3635240;;;;;;;;;;;;;363555240
;;;3635119;;;;;;;;;;;;;363555119
;;;3635746;;;;;;;;;;;;;363555746
;;;3635120;;;;;;;;;;;;;363555120
;;;3635747;;;;;;;;;;;;;363555747
;;;3635748;;;;;;;;;;;;;363555748
;;;3634818;;;;;;;;;;;;;363554818
;;;3635265;;;;;;;;;;;;;363555265
;;;3634819;;;;;;;;;;;;;363554819
;;;3635266;;;;;;;;;;;;;363555266
;;;3634820;;;;;;;;;;;;;363554820
;;;3635267;;;;;;;;;;;;;363555267
;;;3634821;;;;;;;;;;;;;363554821
;;;3635268;;;;;;;;;;;;;363555268
;;;3634822;;;;;;;;;;;;;363554822
;;;3635269;;;;;;;;;;;;;363555269
;;;3634823;;;;;;;;;;;;;363554823
;;;3635270;;;;;;;;;;;;;363555270
;;;3634824;;;;;;;;;;;;;363554824
;;;3635271;;;;;;;;;;;;;363555271
;;;3634795;;;;;;;;;;;;;363554795
;;;3635578;;;;;;;;;;;;;363555578
;;;3634796;;;;;;;;;;;;;363554796
;;;3635703;;;;;;;;;;;;;363555703
;;;3634797;;;;;;;;;;;;;363554797
;;;3635704;;;;;;;;;;;;;363555704
;;;3634798;;;;;;;;;;;;;363554798
;;;3635730;;;;;;;;;;;;;363555730
;;;3635139;;;;;;;;;;;;;363555139
;;;3635762;;;;;;;;;;;;;363555762
;;;3635140;;;;;;;;;;;;;363555140
;;;3635141;;;;;;;;;;;;;363555141
;;;3635142;;;;;;;;;;;;;363555142
;;;3635143;;;;;;;;;;;;;363555143
;;;3634811;;;;;;;;;;;;;363554811
;;;3635336;;;;;;;;;;;;;363555336
;;;3634812;;;;;;;;;;;;;363554812
;;;3635337;;;;;;;;;;;;;363555337
;;;3635526;;;;;;;;;;;;;363555526
;;;3635759;;;;;;;;;;;;;363555759
;;;3635760;;;;;;;;;;;;;363555760
;;;3634700;;;;;;;;;;;;;363554700
;;;3635618;;;;;;;;;;;;;363555618
;;;3634701;;;;;;;;;;;;;363554701
;;;3635619;;;;;;;;;;;;;363555619
;;;3634702;;;;;;;;;;;;;363554702
;;;3635620;;;;;;;;;;;;;363555620
;;;3634703;;;;;;;;;;;;;363554703
;;;3635621;;;;;;;;;;;;;363555621
;;;3635622;;;;;;;;;;;;;363555622
;;;3634855;;;;;;;;;;;;;363554855
;;;3635393;;;;;;;;;;;;;363555393
;;;3634856;;;;;;;;;;;;;363554856
;;;3635394;;;;;;;;;;;;;363555394
;;;3634857;;;;;;;;;;;;;363554857
;;;3635395;;;;;;;;;;;;;363555395
;;;3634858;;;;;;;;;;;;;363554858
;;;3635150;;;;;;;;;;;;;363555150
;;;3635151;;;;;;;;;;;;;363555151
;;;3635152;;;;;;;;;;;;;363555152
;;;3635153;;;;;;;;;;;;;363555153
;;;3634704;;;;;;;;;;;;;363554704
;;;3635650;;;;;;;;;;;;;363555650
;;;3634705;;;;;;;;;;;;;363554705
;;;3635651;;;;;;;;;;;;;363555651
;;;3634706;;;;;;;;;;;;;363554706
;;;3635652;;;;;;;;;;;;;363555652
;;;3634707;;;;;;;;;;;;;363554707
;;;3635653;;;;;;;;;;;;;363555653
;;;3635654;;;;;;;;;;;;;363555654
;;;3634724;;;;;;;;;;;;;363554724
;;;3635253;;;;;;;;;;;;;363555253
;;;3634725;;;;;;;;;;;;;363554725
;;;3635254;;;;;;;;;;;;;363555254
;;;3634726;;;;;;;;;;;;;363554726
;;;3635255;;;;;;;;;;;;;363555255
;;;3634727;;;;;;;;;;;;;363554727
;;;3635256;;;;;;;;;;;;;363555256
;;;3634728;;;;;;;;;;;;;363554728
;;;3635257;;;;;;;;;;;;;363555257
;;;3634729;;;;;;;;;;;;;363554729
;;;3635258;;;;;;;;;;;;;363555258
;;;3634730;;;;;;;;;;;;;363554730
;;;3635259;;;;;;;;;;;;;363555259
;;;3634731;;;;;;;;;;;;;363554731
;;;3635260;;;;;;;;;;;;;363555260
;;;3634732;;;;;;;;;;;;;363554732
;;;3635261;;;;;;;;;;;;;363555261
;;;3634733;;;;;;;;;;;;;363554733
;;;3635262;;;;;;;;;;;;;363555262
;;;3635071;;;;;;;;;;;;;363555071
;;;3635263;;;;;;;;;;;;;363555263
