Date;digitalRandomKey;fileScanBase64;Identifier;RecordEndDateTime;RecordStartDateTime;RefIncidentPersonTypeId;IncidentId;PersonId;RefIncidentPersonRoleTypeId
;;;;;;45;11113061;24033440;2
;;;;;;45;11113063;23983256;2
;;;;;;45;11113064;23177163;2
;;;;;;45;11113065;24721966;2
;;;;;;45;11113066;24771038;2
;;;;;;45;11113067;24764540;2
;;;;;;45;11113068;24930288;2
;;;;;;45;11113069;24905207;2
;;;;;;45;11113070;24671049;2
;;;;;;45;11113071;24919999;2
;;;;;;45;11113072;24764867;2
;;;;;;45;11113073;24916831;2
;;;;;;45;11113074;24662308;2
;;;;;;45;11113075;24592760;2
;;;;;;45;11113076;24825420;2
;;;;;;45;11113077;24592627;2
;;;;;;45;11113078;24665156;2
;;;;;;45;11113079;24847640;2
;;;;;;45;11113080;23983256;2
;;;;;;45;11113081;23920021;2
;;;;;;45;11113082;23203001;2
;;;;;;45;11113083;23417525;2
;;;;;;45;11113084;23659181;2
;;;;;;45;11113085;23313894;2
;;;;;;45;11113086;23361263;2
;;;;;;45;11113087;25187671;2
;;;;;;45;11113088;25066611;2
;;;;;;45;11113089;23361263;2
;;;;;;45;11113090;24489785;2
;;;;;;45;11113091;24242782;2
;;;;;;45;11113092;24336591;2
;;;;;;45;11113093;24069962;2
;;;;;;45;11113094;24268055;2
;;;;;;45;11113095;24175059;2
;;;;;;45;11113096;24210426;2
;;;;;;45;11113097;24166771;2
;;;;;;45;11113098;24273339;2
;;;;;;45;11113099;24051752;2
;;;;;;45;11113100;24565928;2
;;;;;;45;11113101;24220372;2
;;;;;;45;11113102;24330355;2
;;;;;;45;11113103;24489785;2
;;;;;;45;11113104;24366384;2
;;;;;;45;11113105;24573498;2
;;;;;;45;11113106;24573605;2
;;;;;;45;11113107;24447044;2
;;;;;;45;11113108;24447007;2
;;;;;;45;11113109;24242782;2
;;;;;;45;11113110;24387253;2
;;;;;;45;11113111;24336591;2
;;;;;;45;11113112;24412529;2
;;;;;;45;11113113;23702160;2
;;;;;;45;11113114;24484177;2
;;;;;;45;11113115;24515266;2
;;;;;;45;11113116;23177163;2
;;;;;;45;11113117;23385830;2
;;;;;;45;11113118;23361263;2
;;;;;;45;11113119;23575631;2
;;;;;;45;11113120;24152731;2
;;;;;;45;11113121;25125294;2
;;;;;;45;11113122;25125294;2
;;;;;;45;11113123;24559178;2
;;;;;;45;11113124;24559178;2
;;;;;;45;11113125;24097678;2
;;;;;;45;11113126;24559178;2
;;;;;;45;11113127;24559178;2
;;;;;;45;11113128;24559178;2
;;;;;;45;11113129;23874759;2
;;;;;;45;11113130;23817969;2
;;;;;;45;11113131;23760564;2
;;;;;;45;11113132;23937853;2
;;;;;;45;11113133;23926449;2
;;;;;;45;11113134;23874759;2
;;;;;;45;11113136;24994569;2
;;;;;;45;11113137;25177603;2
;;;;;;45;11113138;25103223;2
;;;;;;45;11113139;25271175;2
;;;;;;45;11113140;24965992;2
;;;;;;45;11113141;25178147;2
;;;;;;45;11113142;25125294;2
;;;;;;45;11113143;25187671;2
;;;;;;45;11113144;24998312;2
;;;;;;45;11113145;25011815;2
;;;;;;45;11113146;25278944;2
;;;;;;45;11113147;24670937;2
;;;;;;45;11113148;24815108;2
;;;;;;45;11113149;25027458;2
;;;;;;45;11113150;24599559;2
;;;;;;45;11113151;25218050;2
;;;;;;45;11113152;25248985;2
;;;;;;45;11113153;25018557;2
;;;;;;45;11113154;24769208;2
;;;;;;45;11113155;25106587;2
;;;;;;45;11113156;25071579;2
;;;;;;45;11113157;25280301;2
;;;;;;45;11113158;24524234;2
;;;;;;45;11113159;25066611;2
;;;;;;45;11113160;25053765;2
;;;;;;45;11113161;24952028;2
;;;;;;45;11113162;25247553;2
;;;;;;45;11113163;25132743;2
;;;;;;45;11113164;25194079;2
;;;;;;45;11113165;25115186;2
;;;;;;45;11113166;25131743;2
;;;;;;45;11113167;24584949;2
;;;;;;45;11113168;25170893;2
;;;;;;45;11113169;25225832;2
;;;;;;45;11113170;25081543;2
;;;;;;45;11113171;25000790;2
;;;;;;45;11113172;25067157;2
;;;;;;45;11113173;25087438;2
;;;;;;45;11113174;24967529;2
;;;;;;45;11113175;25186346;2
;;;;;;45;11113176;25299305;2
;;;;;;45;11113177;25178623;2
;;;;;;45;11113178;24961448;2
;;;;;;45;11113179;25129834;2
;;;;;;45;11113180;25206852;2
;;;;;;45;11113181;25139015;2
;;;;;;45;11113182;25105939;2
;;;;;;45;11113183;23468043;2
;;;;;;45;11113184;23570935;2
;;;;;;45;11113185;23535096;2
;;;;;;45;11113186;23630992;2
;;;;;;45;11113187;23541251;2
;;;;;;45;11113188;23515801;2
;;;;;;45;11113189;23505095;2
;;;;;;45;11113190;23400639;2
;;;;;;45;11113191;23554627;2
;;;;;;45;11113192;23177163;2
;;;;;;45;11113193;23177163;2
;;;;;;45;11113194;23575631;2
;;;;;;45;11113195;23625068;2
;;;;;;45;11113196;23361263;2
;;;;;;45;11113197;23177163;2
;;;;;;45;11113198;23313894;2
;;;;;;45;11113199;23361263;2
;;;;;;45;11113200;23201068;2
;;;;;;45;11113201;23874759;2
;;;;;;45;11113202;23874759;2
;;;;;;45;11113203;23361263;2
;;;;;;45;11113204;23177163;2
;;;;;;45;11113205;23461660;2
;;;;;;45;11113206;23575631;2
;;;;;;45;11113207;23414797;2
;;;;;;45;11113208;23201068;2
;;;;;;45;11113209;23625068;2
;;;;;;45;11113210;23177163;2
;;;;;;45;11113211;25131743;2
;;;;;;45;11113212;23874759;2
;;;;;;45;11113213;23846642;2
;;;;;;45;11113214;23057302;2
;;;;;;45;11113215;24559178;2
;;;;;;45;11113216;23541251;2
;;;;;;45;11113217;23625068;2
;;;;;;45;11113218;23385830;2
;;;;;;45;11113219;23570935;2
;;;;;;45;11113220;23505095;2
;;;;;;45;11113221;23177163;2
;;;;;;45;11113222;24200307;2
;;;;;;45;11113223;23201068;2
;;;;;;45;11113224;25125294;2
;;;;;;45;11113225;24053722;2
;;;;;;45;11113226;24052650;2
;;;;;;45;11113227;24097678;2
;;;;;;45;11113228;25066611;2
;;;;;;45;11113229;25066611;2
;;;;;;45;11113230;25105939;2
;;;;;;45;11113231;25105939;2
;;;;;;45;11113232;23874759;2
;;;;;;45;11113233;23414162;2
;;;;;;45;11113234;26194947;2
;;;;;;45;11113236;23177163;2
;;;;;;45;11113237;23361263;2
;;;;;;45;11113238;23177163;2
;;;;;;45;11113239;23361263;2
;;;;;;45;11113240;23226094;2
;;;;;;45;11113241;23226094;2
;;;;;;45;11113242;23625068;2
;;;;;;45;11113243;22633618;2
;;;;;;45;11113244;24251527;2
;;;;;;45;11113245;23983256;2
;;;;;;45;11113246;23980467;2
;;;;;;45;11113247;23057302;2
;;;;;;45;11113248;23390766;2
;;;;;;45;11113249;22633618;2
;;;;;;45;11113250;23621350;2
;;;;;;45;11113251;24130397;2
;;;;;;45;11113252;24033440;2
;;;;;;45;11113253;23057302;2
;;;;;;45;11113254;25194079;2
;;;;;;45;11113255;24952028;2
;;;;;;45;11113256;26194947;2
;;;;;;45;11113257;25926243;2
;;;;;;45;11113258;25926210;2
;;;;;;45;11113259;26034609;2
;;;;;;45;11113260;25726477;2
;;;;;;45;11113261;26192126;2
;;;;;;45;11113262;25843198;2
;;;;;;45;11113263;25999573;2
;;;;;;45;11113264;26061868;2
;;;;;;45;11113265;25926210;2
;;;;;;45;11113266;25729196;2
;;;;;;45;11113267;22633618;2
;;;;;;45;11113268;22633618;2
;;;;;;45;11113269;25178623;2
;;;;;;45;11113270;24033440;2
;;;;;;45;11113271;26702925;2
;;;;;;45;11113272;25433297;2
;;;;;;45;11113273;22633618;2
;;;;;;45;11113274;25810941;2
;;;;;;45;11113275;26034609;2
;;;;;;45;11113276;25779404;2
;;;;;;45;11113277;22633618;2
;;;;;;45;11113278;22633618;2
;;;;;;45;11113279;23874759;2
;;;;;;45;11113280;23177163;2
;;;;;;45;11113281;23177163;2
;;;;;;45;11113282;23625068;2
;;;;;;45;11113283;23625068;2
;;;;;;45;11113284;25882754;2
;;;;;;45;11113285;25962712;2
;;;;;;45;11113286;24524234;2
;;;;;;45;11113287;23575631;2
;;;;;;45;11113288;23177163;2
;;;;;;45;11113289;23361263;2
;;;;;;45;11113290;25725381;2
;;;;;;45;11113291;24433075;2
;;;;;;45;11113292;24383936;2
;;;;;;45;11113293;24531057;2
;;;;;;45;11113294;24548409;2
;;;;;;45;11113295;24251527;2
;;;;;;45;11113296;25725381;2
;;;;;;45;11113297;25131743;2
;;;;;;45;11113299;25912538;2
;;;;;;45;11113300;25916255;2
;;;;;;45;11113301;26003455;2
;;;;;;45;11113302;25194079;2
;;;;;;45;11113303;23575631;2
;;;;;;45;11113304;23461660;2
;;;;;;45;11113305;23414797;2
;;;;;;45;11113306;23575631;2
;;;;;;45;11113307;23414797;2
;;;;;;45;11113308;25862157;2
;;;;;;45;11113309;25862157;2
;;;;;;45;11113310;25131743;2
;;;;;;45;11113311;25194079;2
;;;;;;45;11113312;23226094;2
;;;;;;45;11113313;23361263;2
;;;;;;45;11113314;23862575;2
;;;;;;45;11113315;23057302;2
;;;;;;45;11113316;23057302;2
;;;;;;45;11113317;25779404;2
;;;;;;45;11113318;23675592;2
;;;;;;45;11113319;24242782;2
;;;;;;45;11113320;23057302;2
;;;;;;45;11113322;23177163;2
;;;;;;45;11113323;25081543;2
;;;;;;45;11113324;23862575;2
;;;;;;45;11113325;24242782;2
;;;;;;45;11113326;23177163;2
;;;;;;45;11113327;23177163;2
;;;;;;45;11113328;25131743;2
;;;;;;45;11113329;23226094;2
;;;;;;45;11113330;25131743;2
;;;;;;45;11113331;23226094;2
;;;;;;45;11113332;23675592;2
;;;;;;45;11113333;23675592;2
;;;;;;45;11113334;23575631;2
;;;;;;45;11113335;23886821;2
;;;;;;45;11113336;23874759;2
;;;;;;45;11113337;23802352;2
;;;;;;45;11113338;23937853;2
;;;;;;45;11113339;26600069;2
;;;;;;45;11113340;23575631;2
;;;;;;45;11113341;23575631;2
;;;;;;45;11113343;23575631;2
;;;;;;45;11113344;23177163;2
;;;;;;45;11113345;24671049;2
;;;;;;45;11113346;24942172;2
;;;;;;45;11113347;24919999;2
;;;;;;45;11113348;24764867;2
;;;;;;45;11113349;24665156;2
;;;;;;45;11113350;24847640;2
;;;;;;45;11113351;24905207;2
;;;;;;45;11113352;24809745;2
;;;;;;45;11113353;24377356;2
;;;;;;45;11113354;24244477;2
;;;;;;45;11113355;24130397;2
;;;;;;45;11113356;23980467;2
;;;;;;45;11113357;24015248;2
;;;;;;45;11113358;24017516;2
;;;;;;45;11113359;24053722;2
;;;;;;45;11113360;24152731;2
;;;;;;45;11113361;24251527;2
;;;;;;45;11113362;24033440;2
;;;;;;45;11113363;24054999;2
;;;;;;45;11113364;24052650;2
;;;;;;45;11113365;24097678;2
;;;;;;45;11113366;23752577;2
;;;;;;45;11113367;23983256;2
;;;;;;45;11113368;24200346;2
;;;;;;45;11113369;23920021;2
;;;;;;45;11113370;23846642;2
;;;;;;45;11113371;23802352;2
;;;;;;45;11113372;23385830;2
;;;;;;45;11113373;24363307;2
;;;;;;45;11113374;24322464;2
;;;;;;45;11113375;23944928;2
;;;;;;45;11113376;23057302;2
;;;;;;45;11113377;23177163;2
;;;;;;45;11113378;23177163;2
;;;;;;45;11113379;23361263;2
;;;;;;45;11113380;23554627;2
;;;;;;45;11113382;23177163;2
;;;;;;45;11113383;26041600;2
;;;;;;45;11113384;23177163;2
;;;;;;45;11113385;25105939;2
;;;;;;45;11113386;25187671;2
;;;;;;45;11113387;24588740;2
;;;;;;45;11113388;23414797;2
;;;;;;45;11113389;23385830;2
;;;;;;45;11113390;24242782;2
;;;;;;45;11113391;24220372;2
;;;;;;45;11113392;23057302;2
;;;;;;45;11113393;23575631;2
;;;;;;45;11113394;23621350;2
;;;;;;45;11113395;23874759;2
;;;;;;45;11113396;23224762;2
;;;;;;45;11113397;25433297;2
;;;;;;45;11113398;25418387;2
;;;;;;45;11113399;24524234;2
;;;;;;45;11113400;23874759;2
;;;;;;45;11113401;23874759;2
;;;;;;45;11113402;23874759;2
;;;;;;45;11113403;23874759;2
;;;;;;45;11113404;23874759;2
;;;;;;45;11113405;24220372;2
;;;;;;45;11113407;24222609;2
;;;;;;45;11113408;23414162;2
;;;;;;45;11113409;25862157;2
;;;;;;45;11113410;25862157;2
;;;;;;45;11113411;23771036;2
;;;;;;45;11113412;23575631;2
;;;;;;45;11113413;23575631;2
;;;;;;45;11113414;23057302;2
;;;;;;45;11113415;23675592;2
;;;;;;45;11113416;23675592;2
;;;;;;45;11113418;23874759;2
;;;;;;45;11113419;24182023;2
;;;;;;45;11113420;24268055;2
;;;;;;45;11113421;24175059;2
;;;;;;45;11113422;24210426;2
;;;;;;45;11113423;24489005;2
;;;;;;45;11113424;24550474;2
;;;;;;45;11113425;24531057;2
;;;;;;45;11113426;24370815;2
;;;;;;45;11113427;23621350;2
;;;;;;45;11113428;23605159;2
;;;;;;45;11113429;24412330;2
;;;;;;45;11113430;23414797;2
;;;;;;45;11113431;23385830;2
;;;;;;45;11113432;23605159;2
;;;;;;45;11113433;24330355;2
;;;;;;45;11113434;24573498;2
;;;;;;45;11113435;24573605;2
;;;;;;45;11113436;24447044;2
;;;;;;45;11113437;24447007;2
;;;;;;45;11113438;24242782;2
;;;;;;45;11113439;24412529;2
;;;;;;45;11113440;23702160;2
;;;;;;45;11113441;24515266;2
;;;;;;45;11113442;24387253;2
;;;;;;45;11113443;24489785;2
;;;;;;45;11113444;24548899;2
;;;;;;45;11113445;24220372;2
;;;;;;45;11113446;24414214;2
;;;;;;45;11113447;24383580;2
;;;;;;45;11113448;24222609;2
;;;;;;45;11113449;24484177;2
;;;;;;45;11113450;24366384;2
;;;;;;45;11113451;24565928;2
;;;;;;45;11113452;24559178;2
;;;;;;45;11113453;24550474;2
;;;;;;45;11113454;24489005;2
;;;;;;45;11113455;24531057;2
;;;;;;45;11113456;24370815;2
;;;;;;45;11113458;26702925;2
;;;;;;45;11113459;26635565;2
;;;;;;45;11113460;26276612;2
;;;;;;45;11113461;26360124;2
;;;;;;45;11113462;26264035;2
;;;;;;45;11113463;25418387;2
;;;;;;45;11113464;25355314;2
;;;;;;45;11113465;25131743;2
;;;;;;45;11113468;23874759;2
;;;;;;45;11113469;23874759;2
;;;;;;45;11113470;23874759;2
;;;;;;45;11113472;23675592;2
;;;;;;45;11113473;23675592;2
;;;;;;45;11113474;24489005;2
;;;;;;45;11113475;24548409;2
;;;;;;45;11113476;24531057;2
;;;;;;45;11113477;24433075;2
;;;;;;45;11113478;23275538;2
;;;;;;45;11113479;23057302;2
;;;;;;45;11113480;23057302;2
;;;;;;45;11113481;23937853;2
;;;;;;45;11113482;25724316;2
;;;;;;45;11113483;25926210;2
;;;;;;45;11113484;24942172;2
;;;;;;45;11113486;24222609;2
;;;;;;45;11113487;23057302;2
;;;;;;45;11113488;24088122;2
;;;;;;45;11113489;24088122;2
;;;;;;45;11113491;24200307;2
;;;;;;45;11113492;24200307;2
;;;;;;45;11113493;24050579;2
;;;;;;45;11113494;24050579;2
;;;;;;45;11113495;23275538;2
;;;;;;45;11113496;23275538;2
;;;;;;45;11113497;25355314;2
;;;;;;45;11113498;25133471;2
;;;;;;45;11113499;25132743;2
;;;;;;45;11113500;25355314;2
;;;;;;45;11113501;25884927;2
;;;;;;45;11113502;23983256;2
;;;;;;45;11113503;23983256;2
;;;;;;45;11113504;23980467;2
;;;;;;45;11113505;24130397;2
;;;;;;45;11113506;24251527;2
;;;;;;45;11113507;24097678;2
;;;;;;45;11113508;24029720;2
;;;;;;45;11113509;23675592;2
;;;;;;45;11113510;23983256;2
;;;;;;45;11113511;25187671;2
;;;;;;45;11113512;25187671;2
;;;;;;45;11113513;23575631;2
;;;;;;45;11113514;23414797;2
;;;;;;45;11113515;24176352;2
;;;;;;45;11113516;24273213;2
;;;;;;45;11113517;23575631;2
;;;;;;45;11113518;23621350;2
;;;;;;45;11113519;23275538;2
;;;;;;45;11113520;24559178;2
;;;;;;45;11113521;23621350;2
;;;;;;45;11113522;23937853;2
;;;;;;45;11113523;23980467;2
;;;;;;45;11113524;24097678;2
;;;;;;45;11113525;24029720;2
;;;;;;45;11113526;23675592;2
;;;;;;45;11113527;23449138;2
;;;;;;45;11113528;23630992;2
;;;;;;45;11113529;23846642;2
;;;;;;45;11113530;23937853;2
;;;;;;45;11113531;24251527;2
;;;;;;45;11113532;23983256;2
;;;;;;45;11113533;23275538;2
;;;;;;45;11113534;23621350;2
;;;;;;45;11113535;25132743;2
;;;;;;45;11113536;23621350;2
;;;;;;45;11113537;24287311;2
;;;;;;45;11113538;24109004;2
;;;;;;45;11113539;23339638;2
;;;;;;45;11113540;23224762;2
;;;;;;45;11113541;25884927;2
;;;;;;45;11113542;25862157;2
;;;;;;45;11113543;23621350;2
;;;;;;45;11113544;23275538;2
;;;;;;45;11113545;24097678;2
;;;;;;45;11113546;23275538;2
;;;;;;45;11113547;23621350;2
;;;;;;45;11113548;23937853;2
;;;;;;45;11113549;23926449;2
;;;;;;45;11113550;23275538;2
;;;;;;45;11113551;24097678;2
;;;;;;45;11113552;23372904;2
;;;;;;45;11113553;24097678;2
;;;;;;45;11113554;24097678;2
;;;;;;45;11113555;23937853;2
;;;;;;45;11113556;23621350;2
;;;;;;45;11113557;24490175;2
;;;;;;45;11113558;24484177;2
;;;;;;45;11113559;23414162;2
;;;;;;45;11113560;23857206;2
;;;;;;45;11113561;23412417;2
;;;;;;45;11113562;23412417;2
;;;;;;45;11113563;23926449;2
;;;;;;45;11113564;23937853;2
;;;;;;45;11113565;24097678;2
;;;;;;45;11113566;25926243;2
;;;;;;45;11113567;25926210;2
;;;;;;45;11113568;25815345;2
;;;;;;45;11113569;25738111;2
;;;;;;45;11113570;26103632;2
;;;;;;45;11113571;25957604;2
;;;;;;45;11113572;24097678;2
;;;;;;45;11113573;25105939;2
;;;;;;45;11113574;24097678;2
;;;;;;45;11113575;24347788;2
;;;;;;45;11113576;24322464;2
;;;;;;45;11113577;24363307;2
;;;;;;45;11113578;24412330;2
;;;;;;45;11113579;23846642;2
;;;;;;45;11113580;23937853;2
;;;;;;45;11113581;23275538;2
;;;;;;45;11113582;23621350;2
;;;;;;45;11113583;23983256;2
;;;;;;45;11113584;24097678;2
;;;;;;45;11113585;23980467;2
;;;;;;45;11113586;25131743;2
;;;;;;45;11113587;23983256;2
;;;;;;45;11113588;24548409;2
;;;;;;45;11113589;24490175;2
;;;;;;45;11113590;23802352;2
;;;;;;45;11113591;23937853;2
;;;;;;45;11113592;23275538;2
;;;;;;45;11113593;25552131;2
;;;;;;45;11113594;25438992;2
;;;;;;45;11113595;25862157;2
;;;;;;45;11113596;25105939;2
;;;;;;45;11113597;25132743;2
;;;;;;45;11113598;23846642;2
;;;;;;45;11113599;24531057;2
;;;;;;45;11113600;24455434;2
;;;;;;45;11113601;24354558;2
;;;;;;45;11113602;24455434;2
;;;;;;45;11113603;24242782;2
;;;;;;45;11113604;23702160;2
;;;;;;45;11113605;23575631;2
;;;;;;45;11113606;23385830;2
;;;;;;45;11113607;23414797;2
;;;;;;45;11113608;23461660;2
;;;;;;45;11113609;23461660;2
;;;;;;45;11113610;23575631;2
;;;;;;45;11113611;23410448;2
;;;;;;45;11113612;24490175;2
;;;;;;45;11113613;23201068;2
;;;;;;45;11113614;23599417;2
;;;;;;45;11113615;25433297;2
;;;;;;45;11113616;25418387;2
;;;;;;45;11113617;25379994;2
;;;;;;45;11113618;25670386;2
;;;;;;45;11113619;25438992;2
;;;;;;45;11113620;24455434;2
;;;;;;45;11113621;24548409;2
;;;;;;45;11113623;23621350;2
;;;;;;45;11113624;23983256;2
;;;;;;45;11113625;24251527;2
;;;;;;45;11113626;23224762;2
;;;;;;45;11113627;23224762;2
;;;;;;45;11113628;23275538;2
;;;;;;45;11113629;23224762;2
;;;;;;45;11113630;23886046;2
;;;;;;45;11113631;25552131;2
;;;;;;45;11113632;24244477;2
;;;;;;45;11113633;24251527;2
;;;;;;45;11113634;23752577;2
;;;;;;45;11113635;24194042;2
;;;;;;45;11113637;24033440;2
;;;;;;45;11113638;23201068;2
;;;;;;45;11113639;25343287;2
;;;;;;45;11113640;23937853;2
;;;;;;45;11113641;24490175;2
;;;;;;45;11113642;23937853;2
;;;;;;45;11113643;23575631;2
;;;;;;45;11113644;25418387;2
;;;;;;45;11113645;25433297;2
;;;;;;45;11113646;24490175;2
;;;;;;45;11113647;24455434;2
;;;;;;45;11113648;24490175;2
;;;;;;45;11113649;24490175;2
;;;;;;45;11113650;25985857;2
;;;;;;45;11113651;25843198;2
;;;;;;45;11113652;26194947;2
;;;;;;45;11113653;26192126;2
;;;;;;45;11113654;25926243;2
;;;;;;45;11113655;25926210;2
;;;;;;45;11113656;25766975;2
;;;;;;45;11113657;23802352;2
;;;;;;45;11113658;23224762;2
;;;;;;45;11113659;23937853;2
;;;;;;45;11113660;23275538;2
;;;;;;45;11113661;25493495;2
;;;;;;45;11113662;25412556;2
;;;;;;45;11113663;25725381;2
;;;;;;45;11113664;25544105;2
;;;;;;45;11113665;25670386;2
;;;;;;45;11113666;24548899;2
;;;;;;45;11113667;23983256;2
;;;;;;45;11113668;23983256;2
;;;;;;45;11113670;24251527;2
;;;;;;45;11113671;25418387;2
;;;;;;45;11113672;24447044;2
;;;;;;45;11113673;24097678;2
;;;;;;45;11113674;24182023;2
;;;;;;45;11113675;24175059;2
;;;;;;45;11113676;24088122;2
;;;;;;45;11113677;25131743;2
;;;;;;45;11113678;25131743;2
;;;;;;45;11113679;25884927;2
;;;;;;45;11113680;25131743;2
;;;;;;45;11113681;23414797;2
;;;;;;45;11113682;25187671;2
;;;;;;45;11113683;25187671;2
;;;;;;45;11113684;23980467;2
;;;;;;45;11113685;24097678;2
;;;;;;45;11113686;23983256;2
;;;;;;45;11113687;23575631;2
;;;;;;45;11113688;24097678;2
;;;;;;45;11113689;23621350;2
;;;;;;45;11113690;23788148;2
;;;;;;45;11113691;23816641;2
;;;;;;45;11113692;23886046;2
;;;;;;45;11113693;23857206;2
;;;;;;45;11113694;23891931;2
;;;;;;45;11113695;23862575;2
;;;;;;45;11113696;23944928;2
;;;;;;45;11113697;24220372;2
;;;;;;45;11113698;24222609;2
;;;;;;45;11113699;25433297;2
;;;;;;45;11113700;23926449;2
;;;;;;45;11113701;25750672;2
;;;;;;45;11113702;25901733;2
;;;;;;45;11113703;25958247;2
;;;;;;45;11113704;25850089;2
;;;;;;45;11113705;26034609;2
;;;;;;45;11113706;26003455;2
;;;;;;45;11113708;26119676;2
;;;;;;45;11113709;25780309;2
;;;;;;45;11113710;25985857;2
;;;;;;45;11113711;25726477;2
;;;;;;45;11113712;25767906;2
;;;;;;45;11113713;26192126;2
;;;;;;45;11113714;25779404;2
;;;;;;45;11113715;26194947;2
;;;;;;45;11113716;25843198;2
;;;;;;45;11113717;25877948;2
;;;;;;45;11113718;25766975;2
;;;;;;45;11113719;23926449;2
;;;;;;45;11113720;23844165;2
;;;;;;45;11113721;25355314;2
;;;;;;45;11113722;24490175;2
;;;;;;45;11113723;24490175;2
;;;;;;45;11113724;23275538;2
;;;;;;45;11113725;25725381;2
;;;;;;45;11113726;23844165;2
;;;;;;45;11113727;23844165;2
;;;;;;45;11113728;23275538;2
;;;;;;45;11113729;23275538;2
;;;;;;45;11113730;23802352;2
;;;;;;45;11113731;23802352;2
;;;;;;45;11113732;25884927;2
;;;;;;45;11113733;25926243;2
;;;;;;45;11113734;25725381;2
;;;;;;45;11113735;23980467;2
;;;;;;45;11113736;24251527;2
;;;;;;45;11113737;25725381;2
;;;;;;45;11113738;23414797;2
;;;;;;45;11113739;24447044;2
;;;;;;45;11113740;26029286;2
;;;;;;45;11113741;24097678;2
;;;;;;45;11113742;24033440;2
;;;;;;45;11113743;24194042;2
;;;;;;45;11113744;24033440;2
;;;;;;45;11113745;24017516;2
;;;;;;45;11113746;24015248;2
;;;;;;45;11113747;24053722;2
;;;;;;45;11113748;24152731;2
;;;;;;45;11113749;24251527;2
;;;;;;45;11113750;24244477;2
;;;;;;45;11113751;23846642;2
;;;;;;45;11113752;24033440;2
;;;;;;45;11113753;23575631;2
;;;;;;45;11113754;23846642;2
;;;;;;45;11113755;23846642;2
;;;;;;45;11113756;25862157;2
;;;;;;45;11113757;25884927;2
;;;;;;45;11113758;25926243;2
;;;;;;45;11113759;25926210;2
;;;;;;45;11113760;25779404;2
;;;;;;45;11113761;25843198;2
;;;;;;45;11113762;26194947;2
;;;;;;45;11113763;26034609;2
;;;;;;45;11113764;26192126;2
;;;;;;45;11113765;23468043;2
;;;;;;45;11113766;23449138;2
;;;;;;45;11113767;23570935;2
;;;;;;45;11113768;23385830;2
;;;;;;45;11113769;23295991;2
;;;;;;45;11113770;23458299;2
;;;;;;45;11113771;23491488;2
;;;;;;45;11113772;23535096;2
;;;;;;45;11113773;23289172;2
;;;;;;45;11113774;23630992;2
;;;;;;45;11113775;23460878;2
;;;;;;45;11113776;23505095;2
;;;;;;45;11113777;23470954;2
;;;;;;45;11113778;23414162;2
;;;;;;45;11113779;24033440;2
;;;;;;45;11113780;25105939;2
;;;;;;45;11113781;25132743;2
;;;;;;45;11113782;23057302;2
;;;;;;45;11113783;23983256;2
;;;;;;45;11113784;24251527;2
;;;;;;45;11113785;24220372;2
;;;;;;45;11113786;24220372;2
;;;;;;45;11113787;25132743;2
;;;;;;45;11113788;24222609;2
;;;;;;45;11113789;25125294;2
;;;;;;45;11113790;25544105;2
;;;;;;45;11113791;24588740;2
;;;;;;45;11113792;25577878;2
;;;;;;45;11113793;25750672;2
;;;;;;45;11113794;25738111;2
;;;;;;45;11113795;25748274;2
;;;;;;45;11113796;25729196;2
;;;;;;45;11113797;25901733;2
;;;;;;45;11113798;25958247;2
;;;;;;45;11113799;25850089;2
;;;;;;45;11113800;26034609;2
;;;;;;45;11113801;25884927;2
;;;;;;45;11113802;26003455;2
;;;;;;45;11113803;25752084;2
;;;;;;45;11113804;26119676;2
;;;;;;45;11113805;25780309;2
;;;;;;45;11113806;25985857;2
;;;;;;45;11113807;26065351;2
;;;;;;45;11113808;26029286;2
;;;;;;45;11113809;25882754;2
;;;;;;45;11113810;25912538;2
;;;;;;45;11113811;25962712;2
;;;;;;45;11113812;25862157;2
;;;;;;45;11113813;26061868;2
;;;;;;45;11113814;25726477;2
;;;;;;45;11113815;25884848;2
;;;;;;45;11113816;26041600;2
;;;;;;45;11113817;25767906;2
;;;;;;45;11113818;26103632;2
;;;;;;45;11113819;26192126;2
;;;;;;45;11113820;25779404;2
;;;;;;45;11113821;26194947;2
;;;;;;45;11113822;25926243;2
;;;;;;45;11113823;25926210;2
;;;;;;45;11113824;25877948;2
;;;;;;45;11113825;25724316;2
;;;;;;45;11113826;25787343;2
;;;;;;45;11113827;25999573;2
;;;;;;45;11113828;26094851;2
;;;;;;45;11113829;25865046;2
;;;;;;45;11113830;25957604;2
;;;;;;45;11113831;26179426;2
;;;;;;45;11113832;25194079;2
;;;;;;45;11113833;25194079;2
;;;;;;45;11113834;25433297;2
;;;;;;45;11113835;24573605;2
;;;;;;45;11113836;23937853;2
;;;;;;45;11113837;25752084;2
;;;;;;45;11113838;25187671;2
;;;;;;45;11113839;24447007;2
;;;;;;45;11113840;25725381;2
;;;;;;45;11113841;25725381;2
;;;;;;45;11113842;23575631;2
;;;;;;45;11113843;23414797;2
;;;;;;45;11113844;23937853;2
;;;;;;45;11113845;25187671;2
;;;;;;45;11113846;23842978;2
;;;;;;45;11113847;23057302;2
;;;;;;45;11113848;23983256;2
;;;;;;45;11113849;23980467;2
;;;;;;45;11113850;23980467;2
;;;;;;45;11113851;24182023;2
;;;;;;45;11113852;24169296;2
;;;;;;45;11113853;24268055;2
;;;;;;45;11113854;24175059;2
;;;;;;45;11113855;24087933;2
;;;;;;45;11113856;24277829;2
;;;;;;45;11113857;24081610;2
;;;;;;45;11113858;24169296;2
;;;;;;45;11113859;24182023;2
;;;;;;45;11113860;24175059;2
;;;;;;45;11113861;24287311;2
;;;;;;45;11113862;24130342;2
;;;;;;45;11113863;24210426;2
;;;;;;45;11113864;24050579;2
;;;;;;45;11113865;24273339;2
;;;;;;45;11113866;23857058;2
;;;;;;45;11113867;24414214;2
;;;;;;45;11113868;24573605;2
;;;;;;45;11113869;24097678;2
;;;;;;45;11113870;24531057;2
;;;;;;45;11113871;24548409;2
;;;;;;45;11113872;25355314;2
;;;;;;45;11113873;25418387;2
;;;;;;45;11113874;23385830;2
;;;;;;45;11113875;26029286;2
;;;;;;45;11113876;26034609;2
;;;;;;45;11113877;25865046;2
;;;;;;45;11113878;25429576;2
;;;;;;45;11113879;25508819;2
;;;;;;45;11113880;25418009;2
;;;;;;45;11113881;25449730;2
;;;;;;45;11113882;25067157;2
;;;;;;45;11113883;24965992;2
;;;;;;45;11113884;25280301;2
;;;;;;45;11113885;25131743;2
;;;;;;45;11113886;24596928;2
;;;;;;45;11113887;25748274;2
;;;;;;45;11113888;23846642;2
;;;;;;45;11113889;23846642;2
;;;;;;45;11113890;25979187;2
;;;;;;45;11113891;25958247;2
;;;;;;45;11113892;25729196;2
;;;;;;45;11113893;25699988;2
;;;;;;45;11113894;25392479;2
;;;;;;45;11113895;25536791;2
;;;;;;45;11113896;25103223;2
;;;;;;45;11113897;25129834;2
;;;;;;45;11113898;25278944;2
;;;;;;45;11113899;24916831;2
;;;;;;45;11113900;24721966;2
;;;;;;45;11113901;24592627;2
;;;;;;45;11113902;24767599;2
;;;;;;45;11113903;25131743;2
;;;;;;45;11113904;24965992;2
;;;;;;45;11113905;24965992;2
;;;;;;45;11113906;25187671;2
;;;;;;45;11113907;25187671;2
;;;;;;45;11113908;24965992;2
;;;;;;45;11113909;24670937;2
;;;;;;45;11113910;23802352;2
;;;;;;45;11113911;23814303;2
;;;;;;45;11113912;23224762;2
;;;;;;45;11113913;26034609;2
;;;;;;45;11113914;25884927;2
;;;;;;45;11113915;26065351;2
;;;;;;45;11113916;26192126;2
;;;;;;45;11113917;26194947;2
;;;;;;45;11113918;25916255;2
;;;;;;45;11113919;25724316;2
;;;;;;45;11113920;25787343;2
;;;;;;45;11113921;26179426;2
;;;;;;45;11113922;25133471;2
;;;;;;45;11113923;25000790;2
;;;;;;45;11113924;25105939;2
;;;;;;45;11113925;24069962;2
;;;;;;45;11113926;24109004;2
;;;;;;45;11113927;24051752;2
;;;;;;45;11113928;24087933;2
;;;;;;45;11113929;24287311;2
;;;;;;45;11113930;24015248;2
;;;;;;45;11113931;24017516;2
;;;;;;45;11113932;24152731;2
;;;;;;45;11113933;24015248;2
;;;;;;45;11113934;24017516;2
;;;;;;45;11113935;24152731;2
;;;;;;45;11113936;24251527;2
;;;;;;45;11113937;24033440;2
;;;;;;45;11113938;23920021;2
;;;;;;45;11113939;23414797;2
;;;;;;45;11113940;23605159;2
;;;;;;45;11113941;23625068;2
;;;;;;45;11113942;26194947;2
;;;;;;45;11113943;24490175;2
;;;;;;45;11113944;23621350;2
;;;;;;45;11113945;25957604;2
;;;;;;45;11113946;26192126;2
;;;;;;45;11113947;25877948;2
;;;;;;45;11113948;26041600;2
;;;;;;45;11113949;24490175;2
;;;;;;45;11113950;24573605;2
;;;;;;45;11113951;24489785;2
;;;;;;45;11113952;24412529;2
;;;;;;45;11113953;23983256;2
;;;;;;45;11113954;24097678;2
;;;;;;45;11113955;23057302;2
;;;;;;45;11113956;24447007;2
;;;;;;45;11113957;24573605;2
;;;;;;45;11113958;24354558;2
;;;;;;45;11113959;24166771;2
;;;;;;45;11113960;23944928;2
;;;;;;45;11113961;23570935;2
;;;;;;45;11113962;25779404;2
;;;;;;45;11113963;25000790;2
;;;;;;45;11113964;25000790;2
;;;;;;45;11113965;23385830;2
;;;;;;45;11113966;24490175;2
;;;;;;45;11113967;23275538;2
;;;;;;45;11113968;23846642;2
;;;;;;45;11113969;26029286;2
;;;;;;45;11113970;24965992;2
;;;;;;45;11113971;24670937;2
;;;;;;45;11113972;25066611;2
;;;;;;45;11113973;25000790;2
;;;;;;45;11113974;23983256;2
;;;;;;45;11113975;24573605;2
;;;;;;45;11113976;23980467;2
;;;;;;45;11113977;23937853;2
;;;;;;45;11113978;23057302;2
;;;;;;45;11113979;23275538;2
;;;;;;45;11113980;23275538;2
;;;;;;45;11113981;23203001;2
;;;;;;45;11113982;23385830;2
;;;;;;45;11113983;23535096;2
;;;;;;45;11113984;23289172;2
;;;;;;45;11113985;23417525;2
;;;;;;45;11113986;23659181;2
;;;;;;45;11113987;23372904;2
;;;;;;45;11113988;23554627;2
;;;;;;45;11113989;23461660;2
;;;;;;45;11113990;23414797;2
;;;;;;45;11113991;23203001;2
;;;;;;45;11113992;23505095;2
;;;;;;45;11113993;23468043;2
;;;;;;45;11113994;23449138;2
;;;;;;45;11113995;22747131;2
;;;;;;45;11113996;23570935;2
;;;;;;45;11113997;23385830;2
;;;;;;45;11113998;23295991;2
;;;;;;45;11113999;23458299;2
;;;;;;45;11114000;23491488;2
;;;;;;45;11114001;23535096;2
;;;;;;45;11114002;23289172;2
;;;;;;45;11114003;23575631;2
;;;;;;45;11114004;23599417;2
;;;;;;45;11114005;23417525;2
;;;;;;45;11114006;23659181;2
;;;;;;45;11114007;23605159;2
;;;;;;45;11114008;23372904;2
;;;;;;45;11114009;23630992;2
;;;;;;45;11114010;23201068;2
;;;;;;45;11114011;23444329;2
;;;;;;45;11114012;23410448;2
;;;;;;45;11114013;23625068;2
;;;;;;45;11114014;23575233;2
;;;;;;45;11114015;23554627;2
;;;;;;45;11114016;23541251;2
;;;;;;45;11114017;23461660;2
;;;;;;45;11114018;23460878;2
;;;;;;45;11114019;23414797;2
;;;;;;45;11114020;23400639;2
;;;;;;45;11114021;23470954;2
;;;;;;45;11114022;24515389;2
;;;;;;45;11114023;24670026;2
;;;;;;45;11114024;24437673;2
;;;;;;45;11114025;24419842;2
;;;;;;45;11114026;24347788;2
;;;;;;45;11114027;24363307;2
;;;;;;45;11114028;24508745;2
;;;;;;45;11114029;24322464;2
;;;;;;45;11114030;24550474;2
;;;;;;45;11114031;24433075;2
;;;;;;45;11114032;24455434;2
;;;;;;45;11114033;24383936;2
;;;;;;45;11114034;24489005;2
;;;;;;45;11114035;24292011;2
;;;;;;45;11114036;24531057;2
;;;;;;45;11114037;24272096;2
;;;;;;45;11114038;24246788;2
;;;;;;45;11114039;24548409;2
;;;;;;45;11114040;24370815;2
;;;;;;45;11114041;24354558;2
;;;;;;45;11114042;24294677;2
;;;;;;45;11114043;24412330;2
;;;;;;45;11114044;24490175;2
;;;;;;45;11114045;24087933;2
;;;;;;45;11114046;23621350;2
;;;;;;45;11114047;23224762;2
;;;;;;45;11114048;24531057;2
;;;;;;45;11114049;24244477;2
;;;;;;45;11114050;24194042;2
;;;;;;45;11114051;23980467;2
;;;;;;45;11114052;24015248;2
;;;;;;45;11114053;24017516;2
;;;;;;45;11114054;24053722;2
;;;;;;45;11114055;23752577;2
;;;;;;45;11114056;23983256;2
;;;;;;45;11114057;24033440;2
;;;;;;45;11114058;24054999;2
;;;;;;45;11114059;24052650;2
;;;;;;45;11114060;23920021;2
;;;;;;45;11114061;25433297;2
;;;;;;45;11114062;25433297;2
;;;;;;45;11114063;25105939;2
;;;;;;45;11114064;25125294;2
;;;;;;45;11114065;25187671;2
;;;;;;45;11114066;25187671;2
;;;;;;45;11114067;23983256;2
;;;;;;45;11114068;24347788;2
;;;;;;45;11114069;24363307;2
;;;;;;45;11114070;24322464;2
;;;;;;45;11114071;24550474;2
;;;;;;45;11114072;24354558;2
;;;;;;45;11114073;24015248;2
;;;;;;45;11114074;24017516;2
;;;;;;45;11114075;24152731;2
;;;;;;45;11114076;24437673;2
;;;;;;45;11114077;24433075;2
;;;;;;45;11114078;24548409;2
;;;;;;45;11114079;24489005;2
;;;;;;45;11114080;26094851;2
;;;;;;45;11114081;25187671;2
;;;;;;45;11114082;23605159;2
;;;;;;45;11114083;24437673;2
;;;;;;45;11114084;23748366;2
;;;;;;45;11114085;24097678;2
;;;;;;45;11114086;24531057;2
;;;;;;45;11114087;24347788;2
;;;;;;45;11114088;23417525;2
;;;;;;45;11114089;23599417;2
;;;;;;45;11114090;24033440;2
;;;;;;45;11114091;23605159;2
;;;;;;45;11114092;25725381;2
;;;;;;45;11114093;24097678;2
;;;;;;45;11114094;25433297;2
;;;;;;45;11114095;23659181;2
;;;;;;45;11114096;23575233;2
;;;;;;45;11114097;23460878;2
;;;;;;45;11114098;23414797;2
;;;;;;45;11114099;25133471;2
;;;;;;45;11114100;25133471;2
;;;;;;45;11114101;24952028;2
;;;;;;45;11114102;25187671;2
;;;;;;45;11114103;25187671;2
;;;;;;45;11114104;24531057;2
;;;;;;45;11114105;24548409;2
;;;;;;45;11114106;25418387;2
;;;;;;45;11114107;25418387;2
;;;;;;45;11114108;25369135;2
;;;;;;45;11114109;24515389;2
;;;;;;45;11114110;24490175;2
;;;;;;45;11114111;24559178;2
;;;;;;45;11114112;24559178;2
;;;;;;45;11114113;25433297;2
;;;;;;45;11114114;24670937;2
;;;;;;45;11114115;24670937;2
;;;;;;45;11114116;24437673;2
;;;;;;45;11114117;24419842;2
;;;;;;45;11114118;24455434;2
;;;;;;45;11114119;24489005;2
;;;;;;45;11114120;24272096;2
;;;;;;45;11114121;24548409;2
;;;;;;45;11114122;24370815;2
;;;;;;45;11114123;24354558;2
;;;;;;45;11114124;23575631;2
;;;;;;45;11114125;25916255;2
;;;;;;45;11114126;26192126;2
;;;;;;45;11114127;26194947;2
;;;;;;45;11114128;25958247;2
;;;;;;45;11114129;25850089;2
;;;;;;45;11114130;25926210;2
;;;;;;45;11114131;25132743;2
;;;;;;45;11114132;25132743;2
;;;;;;45;11114133;23802352;2
;;;;;;45;11114134;23802352;2
;;;;;;45;11114135;23886046;2
;;;;;;45;11114136;23275538;2
;;;;;;45;11114137;23275538;2
;;;;;;45;11114138;23224762;2
;;;;;;45;11114139;23802352;2
;;;;;;45;11114140;23846642;2
;;;;;;45;11114141;23926449;2
;;;;;;45;11114142;23057302;2
;;;;;;45;11114143;25590893;2
;;;;;;45;11114144;25670386;2
;;;;;;45;11114145;25493495;2
;;;;;;45;11114146;23575631;2
;;;;;;45;11114147;23461660;2
;;;;;;45;11114148;26194947;2
;;;;;;45;11114149;26194947;2
;;;;;;45;11114150;24097678;2
;;;;;;45;11114151;24905207;2
;;;;;;45;11114152;24919999;2
;;;;;;45;11114153;24849056;2
;;;;;;45;11114154;24916831;2
;;;;;;45;11114155;24942172;2
;;;;;;45;11114156;24665156;2
;;;;;;45;11114157;24596928;2
;;;;;;45;11114158;24825420;2
;;;;;;45;11114159;24771038;2
;;;;;;45;11114160;24721966;2
;;;;;;45;11114161;24865695;2
;;;;;;45;11114162;24670026;2
;;;;;;45;11114163;24582628;2
;;;;;;45;11114164;24924680;2
;;;;;;45;11114165;24671049;2
;;;;;;45;11114166;24307963;2
;;;;;;45;11114167;24764540;2
;;;;;;45;11114168;24724549;2
;;;;;;45;11114169;24764867;2
;;;;;;45;11114170;24616986;2
;;;;;;45;11114171;24695308;2
;;;;;;45;11114172;24847640;2
;;;;;;45;11114173;24662308;2
;;;;;;45;11114174;24588740;2
;;;;;;45;11114175;24767599;2
;;;;;;45;11114176;23444329;2
;;;;;;45;11114177;23857058;2
;;;;;;45;11114178;26029286;2
;;;;;;45;11114179;25862157;2
;;;;;;45;11114180;23802352;2
;;;;;;45;11114181;24490175;2
;;;;;;45;11114182;24490175;2
;;;;;;45;11114183;24387253;2
;;;;;;45;11114184;23983256;2
;;;;;;45;11114185;25433297;2
;;;;;;45;11114186;23605159;2
;;;;;;45;11114187;23414797;2
;;;;;;45;11114188;23414797;2
;;;;;;45;11114189;23605159;2
;;;;;;45;11114190;23722864;2
;;;;;;45;11114191;24414214;2
;;;;;;45;11114192;25125294;2
;;;;;;45;11114193;25552131;2
;;;;;;45;11114194;25494397;2
;;;;;;45;11114195;25494397;2
;;;;;;45;11114196;25958247;2
;;;;;;45;11114197;25926243;2
;;;;;;45;11114198;25877948;2
;;;;;;45;11114199;24377356;2
;;;;;;45;11114200;24377356;2
;;;;;;45;11114201;24826474;2
;;;;;;45;11114202;24865695;2
;;;;;;45;11114203;25433297;2
;;;;;;45;11114204;23983256;2
;;;;;;45;11114205;25433297;2
;;;;;;45;11114206;24573605;2
;;;;;;45;11114207;24244477;2
;;;;;;45;11114208;24017516;2
;;;;;;45;11114209;24251527;2
;;;;;;45;11114210;24033440;2
;;;;;;45;11114211;24097678;2
;;;;;;45;11114212;24194042;2
;;;;;;45;11114213;24029720;2
;;;;;;45;11114214;25926210;2
;;;;;;45;11114215;25862157;2
;;;;;;45;11114216;25131743;2
;;;;;;45;11114217;25552131;2
;;;;;;45;11114218;25418387;2
;;;;;;45;11114219;25670386;2
;;;;;;45;11114220;23802352;2
;;;;;;45;11114221;24531057;2
;;;;;;45;11114222;23575631;2
;;;;;;45;11114223;23575233;2
;;;;;;45;11114224;24447044;2
;;;;;;45;11114225;24152731;2
;;;;;;45;11114226;24029720;2
;;;;;;45;11114227;24251527;2
;;;;;;45;11114228;24033440;2
;;;;;;45;11114229;24433075;2
;;;;;;45;11114230;24489005;2
;;;;;;45;11114231;24548409;2
;;;;;;45;11114232;23275538;2
;;;;;;45;11114233;24455434;2
;;;;;;45;11114234;24097678;2
;;;;;;45;11114235;25725381;2
;;;;;;45;11114236;25725381;2
;;;;;;45;11114237;25725381;2
;;;;;;45;11114238;25725381;2
;;;;;;45;11114239;25725381;2
;;;;;;45;11114240;23802352;2
;;;;;;45;11114241;25725381;2
;;;;;;45;11114242;24447007;2
;;;;;;45;11114243;24109004;2
;;;;;;45;11114244;24088122;2
;;;;;;45;11114245;24097678;2
;;;;;;45;11114246;24152731;2
;;;;;;45;11114247;25125294;2
;;;;;;45;11114248;24670937;2
;;;;;;45;11114249;23412417;2
;;;;;;45;11114250;23412417;2
;;;;;;45;11114251;24490175;2
;;;;;;45;11114252;23372904;2
;;;;;;45;11114253;23410448;2
;;;;;;45;11114254;24490175;2
;;;;;;45;11114255;25787343;2
;;;;;;45;11114256;25748274;2
;;;;;;45;11114257;25767906;2
;;;;;;45;11114258;25779404;2
;;;;;;45;11114259;25767906;2
;;;;;;44;11113061;13378168;4
;;;;;;44;11113063;13378168;4
;;;;;;44;11113064;15614908;4
;;;;;;44;11113065;12447311;4
;;;;;;44;11113066;12447311;4
;;;;;;44;11113067;12447311;4
;;;;;;44;11113068;12447311;4
;;;;;;44;11113069;12447311;4
;;;;;;44;11113070;12447311;4
;;;;;;44;11113071;12447311;4
;;;;;;44;11113072;12447311;4
;;;;;;44;11113073;12447311;4
;;;;;;44;11113074;12447311;4
;;;;;;44;11113075;12447311;4
;;;;;;44;11113076;12447311;4
;;;;;;44;11113077;12447311;4
;;;;;;44;11113078;12447311;4
;;;;;;44;11113079;12447311;4
;;;;;;44;11113080;13378168;4
;;;;;;44;11113081;13378168;4
;;;;;;44;11113082;13130180;4
;;;;;;44;11113083;13130180;4
;;;;;;44;11113084;13130180;4
;;;;;;44;11113085;13130180;4
;;;;;;44;11113086;13130180;4
;;;;;;44;11113087;13798028;4
;;;;;;44;11113088;13798028;4
;;;;;;44;11113089;13130180;4
;;;;;;44;11113090;12447311;4
;;;;;;44;11113091;12447311;4
;;;;;;44;11113092;12447311;4
;;;;;;44;11113093;19796371;4
;;;;;;44;11113094;19796371;4
;;;;;;44;11113095;19796371;4
;;;;;;44;11113096;19796371;4
;;;;;;44;11113097;19796371;4
;;;;;;44;11113098;19796371;4
;;;;;;44;11113099;19796371;4
;;;;;;44;11113100;19796371;4
;;;;;;44;11113101;19796371;4
;;;;;;44;11113102;19796371;4
;;;;;;44;11113103;19796371;4
;;;;;;44;11113104;19796371;4
;;;;;;44;11113105;19796371;4
;;;;;;44;11113106;19796371;4
;;;;;;44;11113107;19796371;4
;;;;;;44;11113108;19796371;4
;;;;;;44;11113109;19796371;4
;;;;;;44;11113110;19796371;4
;;;;;;44;11113111;19796371;4
;;;;;;44;11113112;19796371;4
;;;;;;44;11113113;19796371;4
;;;;;;44;11113114;19796371;4
;;;;;;44;11113115;19796371;4
;;;;;;44;11113116;12447311;4
;;;;;;44;11113117;12447311;4
;;;;;;44;11113118;13130180;4
;;;;;;44;11113119;15961700;4
;;;;;;44;11113120;15162161;4
;;;;;;44;11113121;20267793;4
;;;;;;44;11113122;20267793;4
;;;;;;44;11113123;17754749;4
;;;;;;44;11113124;17754749;4
;;;;;;44;11113125;19796371;4
;;;;;;44;11113126;20267793;4
;;;;;;44;11113127;18857635;4
;;;;;;44;11113128;18857635;4
;;;;;;44;11113129;12447311;4
;;;;;;44;11113130;12447311;4
;;;;;;44;11113131;12447311;4
;;;;;;44;11113132;12447311;4
;;;;;;44;11113133;12447311;4
;;;;;;44;11113134;15913603;4
;;;;;;44;11113136;17754749;4
;;;;;;44;11113137;17754749;4
;;;;;;44;11113138;17754749;4
;;;;;;44;11113139;17754749;4
;;;;;;44;11113140;17754749;4
;;;;;;44;11113141;17754749;4
;;;;;;44;11113142;17754749;4
;;;;;;44;11113143;17754749;4
;;;;;;44;11113144;17754749;4
;;;;;;44;11113145;17754749;4
;;;;;;44;11113146;17754749;4
;;;;;;44;11113147;17754749;4
;;;;;;44;11113148;17754749;4
;;;;;;44;11113149;17754749;4
;;;;;;44;11113150;17754749;4
;;;;;;44;11113151;17754749;4
;;;;;;44;11113152;17754749;4
;;;;;;44;11113153;17754749;4
;;;;;;44;11113154;17754749;4
;;;;;;44;11113155;17754749;4
;;;;;;44;11113156;17754749;4
;;;;;;44;11113157;17754749;4
;;;;;;44;11113158;17754749;4
;;;;;;44;11113159;17754749;4
;;;;;;44;11113160;17754749;4
;;;;;;44;11113161;17754749;4
;;;;;;44;11113162;17754749;4
;;;;;;44;11113163;17754749;4
;;;;;;44;11113164;17754749;4
;;;;;;44;11113165;17754749;4
;;;;;;44;11113166;17754749;4
;;;;;;44;11113167;17754749;4
;;;;;;44;11113168;17754749;4
;;;;;;44;11113169;17754749;4
;;;;;;44;11113170;17754749;4
;;;;;;44;11113171;17754749;4
;;;;;;44;11113172;17754749;4
;;;;;;44;11113173;17754749;4
;;;;;;44;11113174;17754749;4
;;;;;;44;11113175;17754749;4
;;;;;;44;11113176;17754749;4
;;;;;;44;11113177;17754749;4
;;;;;;44;11113178;17754749;4
;;;;;;44;11113179;17754749;4
;;;;;;44;11113180;17754749;4
;;;;;;44;11113181;17754749;4
;;;;;;44;11113182;17754749;4
;;;;;;44;11113183;15217925;4
;;;;;;44;11113184;15217925;4
;;;;;;44;11113185;15217925;4
;;;;;;44;11113186;15217925;4
;;;;;;44;11113187;15217925;4
;;;;;;44;11113188;15217925;4
;;;;;;44;11113189;15217925;4
;;;;;;44;11113190;15217925;4
;;;;;;44;11113191;16221688;4
;;;;;;44;11113192;13842137;4
;;;;;;44;11113193;13842137;4
;;;;;;44;11113194;15217925;4
;;;;;;44;11113195;15217925;4
;;;;;;44;11113196;15217925;4
;;;;;;44;11113197;15217925;4
;;;;;;44;11113198;20078515;4
;;;;;;44;11113199;20078515;4
;;;;;;44;11113200;20078515;4
;;;;;;44;11113201;12447311;4
;;;;;;44;11113202;12447311;4
;;;;;;44;11113203;15913603;4
;;;;;;44;11113204;15913603;4
;;;;;;44;11113205;15913603;4
;;;;;;44;11113206;15913603;4
;;;;;;44;11113207;15913603;4
;;;;;;44;11113208;15913603;4
;;;;;;44;11113209;15913603;4
;;;;;;44;11113210;15913603;4
;;;;;;44;11113211;13798028;4
;;;;;;44;11113212;12447311;4
;;;;;;44;11113213;12447311;4
;;;;;;44;11113214;12447311;4
;;;;;;44;11113215;11736933;4
;;;;;;44;11113216;13842137;4
;;;;;;44;11113217;13842137;4
;;;;;;44;11113218;13842137;4
;;;;;;44;11113219;13842137;4
;;;;;;44;11113220;13842137;4
;;;;;;44;11113221;13379060;4
;;;;;;44;11113222;15913603;4
;;;;;;44;11113223;15913603;4
;;;;;;44;11113224;13379060;4
;;;;;;44;11113225;15162161;4
;;;;;;44;11113226;15162161;4
;;;;;;44;11113227;15162161;4
;;;;;;44;11113228;20267793;4
;;;;;;44;11113229;20267793;4
;;;;;;44;11113230;20267793;4
;;;;;;44;11113231;20267793;4
;;;;;;44;11113232;12447311;4
;;;;;;44;11113233;12447311;4
;;;;;;44;11113234;11705115;4
;;;;;;44;11113236;12447311;4
;;;;;;44;11113237;12447311;4
;;;;;;44;11113238;12447311;4
;;;;;;44;11113239;12447311;4
;;;;;;44;11113240;15913603;4
;;;;;;44;11113241;12010451;4
;;;;;;44;11113242;13130180;4
;;;;;;44;11113243;13378168;4
;;;;;;44;11113244;15162161;4
;;;;;;44;11113245;15162161;4
;;;;;;44;11113246;15162161;4
;;;;;;44;11113247;13130180;4
;;;;;;44;11113248;13130180;4
;;;;;;44;11113249;13130180;4
;;;;;;44;11113250;13130180;4
;;;;;;44;11113251;15162161;4
;;;;;;44;11113252;15162161;4
;;;;;;44;11113253;12447311;4
;;;;;;44;11113254;13798028;4
;;;;;;44;11113255;13798028;4
;;;;;;44;11113256;11705115;4
;;;;;;44;11113257;11705115;4
;;;;;;44;11113258;11705115;4
;;;;;;44;11113259;11705115;4
;;;;;;44;11113260;11705115;4
;;;;;;44;11113261;11705115;4
;;;;;;44;11113262;11705115;4
;;;;;;44;11113263;11705115;4
;;;;;;44;11113264;11705115;4
;;;;;;44;11113265;11705115;4
;;;;;;44;11113266;11705115;4
;;;;;;44;11113267;13379060;4
;;;;;;44;11113268;15961700;4
;;;;;;44;11113269;20267793;4
;;;;;;44;11113270;11736933;4
;;;;;;44;11113271;13130180;4
;;;;;;44;11113272;14058195;4
;;;;;;44;11113273;12010451;4
;;;;;;44;11113274;11705115;4
;;;;;;44;11113275;11705115;4
;;;;;;44;11113276;11705115;4
;;;;;;44;11113277;12010451;4
;;;;;;44;11113278;13378168;4
;;;;;;44;11113279;15162161;4
;;;;;;44;11113280;20267793;4
;;;;;;44;11113281;20267793;4
;;;;;;44;11113282;20267793;4
;;;;;;44;11113283;20267793;4
;;;;;;44;11113284;11705115;4
;;;;;;44;11113285;11705115;4
;;;;;;44;11113286;18857635;4
;;;;;;44;11113287;15217925;4
;;;;;;44;11113288;15217925;4
;;;;;;44;11113289;15217925;4
;;;;;;44;11113290;14058195;4
;;;;;;44;11113291;13378168;4
;;;;;;44;11113292;13378168;4
;;;;;;44;11113293;13378168;4
;;;;;;44;11113294;13378168;4
;;;;;;44;11113295;13378168;4
;;;;;;44;11113296;18773608;4
;;;;;;44;11113297;19796371;4
;;;;;;44;11113299;11705115;4
;;;;;;44;11113300;11705115;4
;;;;;;44;11113301;11705115;4
;;;;;;44;11113302;19796371;4
;;;;;;44;11113303;15913603;4
;;;;;;44;11113304;15913603;4
;;;;;;44;11113305;15913603;4
;;;;;;44;11113306;15913603;4
;;;;;;44;11113307;12447311;4
;;;;;;44;11113308;12447311;4
;;;;;;44;11113309;19796371;4
;;;;;;44;11113310;19796371;4
;;;;;;44;11113311;19796371;4
;;;;;;44;11113312;13130180;4
;;;;;;44;11113313;15217925;4
;;;;;;44;11113314;12447311;4
;;;;;;44;11113315;13378168;4
;;;;;;44;11113316;12447311;4
;;;;;;44;11113317;11705115;4
;;;;;;44;11113318;12010451;4
;;;;;;44;11113319;12447311;4
;;;;;;44;11113320;12447311;4
;;;;;;44;11113322;20076457;4
;;;;;;44;11113323;19796371;4
;;;;;;44;11113324;12447311;4
;;;;;;44;11113325;12447311;4
;;;;;;44;11113326;12447311;4
;;;;;;44;11113327;16221688;4
;;;;;;44;11113328;12010451;4
;;;;;;44;11113329;13130180;4
;;;;;;44;11113330;12010451;4
;;;;;;44;11113331;13130180;4
;;;;;;44;11113332;12010451;4
;;;;;;44;11113333;13130180;4
;;;;;;44;11113334;20267793;4
;;;;;;44;11113335;15913603;4
;;;;;;44;11113336;15913603;4
;;;;;;44;11113337;15913603;4
;;;;;;44;11113338;15913603;4
;;;;;;44;11113339;13130180;4
;;;;;;44;11113340;15913603;4
;;;;;;44;11113341;15913603;4
;;;;;;44;11113343;15913603;4
;;;;;;44;11113344;15913603;4
;;;;;;44;11113345;20267793;4
;;;;;;44;11113346;20267793;4
;;;;;;44;11113347;20267793;4
;;;;;;44;11113348;20267793;4
;;;;;;44;11113349;20267793;4
;;;;;;44;11113350;20267793;4
;;;;;;44;11113351;20267793;4
;;;;;;44;11113352;20267793;4
;;;;;;44;11113353;20267793;4
;;;;;;44;11113354;19796371;4
;;;;;;44;11113355;19796371;4
;;;;;;44;11113356;19796371;4
;;;;;;44;11113357;19796371;4
;;;;;;44;11113358;19796371;4
;;;;;;44;11113359;19796371;4
;;;;;;44;11113360;19796371;4
;;;;;;44;11113361;19796371;4
;;;;;;44;11113362;19796371;4
;;;;;;44;11113363;19796371;4
;;;;;;44;11113364;19796371;4
;;;;;;44;11113365;19796371;4
;;;;;;44;11113366;19796371;4
;;;;;;44;11113367;19796371;4
;;;;;;44;11113368;19796371;4
;;;;;;44;11113369;19796371;4
;;;;;;44;11113370;13378168;4
;;;;;;44;11113371;13378168;4
;;;;;;44;11113372;13379060;4
;;;;;;44;11113373;12447311;4
;;;;;;44;11113374;12447311;4
;;;;;;44;11113375;12447311;4
;;;;;;44;11113376;12447311;4
;;;;;;44;11113377;13130180;4
;;;;;;44;11113378;20267793;4
;;;;;;44;11113379;15913603;4
;;;;;;44;11113380;15913603;4
;;;;;;44;11113382;15217925;4
;;;;;;44;11113383;11705115;4
;;;;;;44;11113384;20267793;4
;;;;;;44;11113385;19796371;4
;;;;;;44;11113386;19796371;4
;;;;;;44;11113387;13378168;4
;;;;;;44;11113388;12447311;4
;;;;;;44;11113389;12447311;4
;;;;;;44;11113390;15162161;4
;;;;;;44;11113391;15162161;4
;;;;;;44;11113392;13378168;4
;;;;;;44;11113393;12447311;4
;;;;;;44;11113394;15614908;4
;;;;;;44;11113395;15614908;4
;;;;;;44;11113396;15614908;4
;;;;;;44;11113397;19796371;4
;;;;;;44;11113398;14058195;4
;;;;;;44;11113399;18857635;4
;;;;;;44;11113400;15961700;4
;;;;;;44;11113401;20267793;4
;;;;;;44;11113402;20267793;4
;;;;;;44;11113403;15162161;4
;;;;;;44;11113404;15162161;4
;;;;;;44;11113405;15162161;4
;;;;;;44;11113407;15162161;4
;;;;;;44;11113408;12447311;4
;;;;;;44;11113409;12010451;4
;;;;;;44;11113410;12010451;4
;;;;;;44;11113411;15614908;4
;;;;;;44;11113412;12447311;4
;;;;;;44;11113413;12447311;4
;;;;;;44;11113414;13378168;4
;;;;;;44;11113415;13378168;4
;;;;;;44;11113416;13378168;4
;;;;;;44;11113418;15162161;4
;;;;;;44;11113419;15162161;4
;;;;;;44;11113420;15162161;4
;;;;;;44;11113421;15162161;4
;;;;;;44;11113422;15162161;4
;;;;;;44;11113423;13378168;4
;;;;;;44;11113424;13378168;4
;;;;;;44;11113425;13378168;4
;;;;;;44;11113426;13378168;4
;;;;;;44;11113427;12447311;4
;;;;;;44;11113428;15913603;4
;;;;;;44;11113429;15614908;4
;;;;;;44;11113430;15913603;4
;;;;;;44;11113431;15913603;4
;;;;;;44;11113432;15913603;4
;;;;;;44;11113433;15162161;4
;;;;;;44;11113434;15162161;4
;;;;;;44;11113435;15162161;4
;;;;;;44;11113436;15162161;4
;;;;;;44;11113437;15162161;4
;;;;;;44;11113438;15162161;4
;;;;;;44;11113439;15162161;4
;;;;;;44;11113440;15162161;4
;;;;;;44;11113441;15162161;4
;;;;;;44;11113442;15162161;4
;;;;;;44;11113443;15162161;4
;;;;;;44;11113444;15162161;4
;;;;;;44;11113445;15162161;4
;;;;;;44;11113446;15162161;4
;;;;;;44;11113447;15162161;4
;;;;;;44;11113448;15162161;4
;;;;;;44;11113449;15162161;4
;;;;;;44;11113450;15162161;4
;;;;;;44;11113451;15162161;4
;;;;;;44;11113452;18857635;4
;;;;;;44;11113453;13378168;4
;;;;;;44;11113454;13378168;4
;;;;;;44;11113455;13378168;4
;;;;;;44;11113456;13378168;4
;;;;;;44;11113458;18802777;4
;;;;;;44;11113459;18802777;4
;;;;;;44;11113460;18802777;4
;;;;;;44;11113461;18802777;4
;;;;;;44;11113462;18802777;4
;;;;;;44;11113463;14058195;4
;;;;;;44;11113464;14058195;4
;;;;;;44;11113465;19725412;4
;;;;;;44;11113468;12447311;4
;;;;;;44;11113469;12447311;4
;;;;;;44;11113470;13130180;4
;;;;;;44;11113472;20267793;4
;;;;;;44;11113473;20267793;4
;;;;;;44;11113474;15614908;4
;;;;;;44;11113475;15614908;4
;;;;;;44;11113476;15614908;4
;;;;;;44;11113477;15614908;4
;;;;;;44;11113478;15614908;4
;;;;;;44;11113479;15614908;4
;;;;;;44;11113480;15961700;4
;;;;;;44;11113481;15961700;4
;;;;;;44;11113482;20162471;4
;;;;;;44;11113483;20162471;4
;;;;;;44;11113484;16221688;4
;;;;;;44;11113486;12447311;4
;;;;;;44;11113487;13378168;4
;;;;;;44;11113488;12010451;4
;;;;;;44;11113489;12010451;4
;;;;;;44;11113491;12010451;4
;;;;;;44;11113492;12010451;4
;;;;;;44;11113493;12010451;4
;;;;;;44;11113494;12010451;4
;;;;;;44;11113495;13378168;4
;;;;;;44;11113496;13378168;4
;;;;;;44;11113497;12447311;4
;;;;;;44;11113498;19725412;4
;;;;;;44;11113499;19725412;4
;;;;;;44;11113500;14058195;4
;;;;;;44;11113501;20162471;4
;;;;;;44;11113502;15162161;4
;;;;;;44;11113503;15913603;4
;;;;;;44;11113504;15913603;4
;;;;;;44;11113505;15913603;4
;;;;;;44;11113506;15913603;4
;;;;;;44;11113507;15913603;4
;;;;;;44;11113508;15913603;4
;;;;;;44;11113509;15913603;4
;;;;;;44;11113510;15913603;4
;;;;;;44;11113511;13798028;4
;;;;;;44;11113512;13798028;4
;;;;;;44;11113513;15913603;4
;;;;;;44;11113514;15913603;4
;;;;;;44;11113515;12010451;4
;;;;;;44;11113516;12010451;4
;;;;;;44;11113517;15614908;4
;;;;;;44;11113518;15162161;4
;;;;;;44;11113519;15162161;4
;;;;;;44;11113520;18857635;4
;;;;;;44;11113521;15614908;4
;;;;;;44;11113522;15614908;4
;;;;;;44;11113523;15913603;4
;;;;;;44;11113524;15913603;4
;;;;;;44;11113525;15913603;4
;;;;;;44;11113526;15913603;4
;;;;;;44;11113527;15961700;4
;;;;;;44;11113528;15961700;4
;;;;;;44;11113529;12447311;4
;;;;;;44;11113530;12447311;4
;;;;;;44;11113531;15614908;4
;;;;;;44;11113532;15614908;4
;;;;;;44;11113533;13379060;4
;;;;;;44;11113534;13379060;4
;;;;;;44;11113535;13379060;4
;;;;;;44;11113536;20267793;4
;;;;;;44;11113537;12010451;4
;;;;;;44;11113538;12010451;4
;;;;;;44;11113539;15162161;4
;;;;;;44;11113540;15614908;4
;;;;;;44;11113541;20162471;4
;;;;;;44;11113542;20162471;4
;;;;;;44;11113543;15614908;4
;;;;;;44;11113544;15614908;4
;;;;;;44;11113545;15162161;4
;;;;;;44;11113546;12447311;4
;;;;;;44;11113547;12447311;4
;;;;;;44;11113548;12447311;4
;;;;;;44;11113549;12447311;4
;;;;;;44;11113550;12447311;4
;;;;;;44;11113551;13378168;4
;;;;;;44;11113552;15913603;4
;;;;;;44;11113553;15162161;4
;;;;;;44;11113554;14027254;4
;;;;;;44;11113555;12447311;4
;;;;;;44;11113556;12447311;4
;;;;;;44;11113557;12447311;4
;;;;;;44;11113558;12447311;4
;;;;;;44;11113559;12447311;4
;;;;;;44;11113560;12447311;4
;;;;;;44;11113561;12447311;4
;;;;;;44;11113562;12447311;4
;;;;;;44;11113563;12447311;4
;;;;;;44;11113564;12447311;4
;;;;;;44;11113565;12447311;4
;;;;;;44;11113566;11705115;4
;;;;;;44;11113567;11705115;4
;;;;;;44;11113568;11705115;4
;;;;;;44;11113569;11705115;4
;;;;;;44;11113570;11705115;4
;;;;;;44;11113571;11705115;4
;;;;;;44;11113572;14027254;4
;;;;;;44;11113573;13798028;4
;;;;;;44;11113574;15217925;4
;;;;;;44;11113575;12447311;4
;;;;;;44;11113576;12447311;4
;;;;;;44;11113577;12447311;4
;;;;;;44;11113578;12447311;4
;;;;;;44;11113579;12447311;4
;;;;;;44;11113580;12447311;4
;;;;;;44;11113581;12447311;4
;;;;;;44;11113582;12447311;4
;;;;;;44;11113583;15162161;4
;;;;;;44;11113584;15162161;4
;;;;;;44;11113585;15162161;4
;;;;;;44;11113586;20267793;4
;;;;;;44;11113587;15913603;4
;;;;;;44;11113588;15162161;4
;;;;;;44;11113589;15162161;4
;;;;;;44;11113590;13842137;4
;;;;;;44;11113591;15162161;4
;;;;;;44;11113592;15162161;4
;;;;;;44;11113593;14058195;4
;;;;;;44;11113594;14058195;4
;;;;;;44;11113595;12010451;4
;;;;;;44;11113596;12447311;4
;;;;;;44;11113597;12447311;4
;;;;;;44;11113598;15162161;4
;;;;;;44;11113599;15162161;4
;;;;;;44;11113600;15162161;4
;;;;;;44;11113601;15162161;4
;;;;;;44;11113602;15162161;4
;;;;;;44;11113603;15162161;4
;;;;;;44;11113604;15162161;4
;;;;;;44;11113605;12447311;4
;;;;;;44;11113606;12447311;4
;;;;;;44;11113607;12447311;4
;;;;;;44;11113608;12447311;4
;;;;;;44;11113609;12447311;4
;;;;;;44;11113610;12447311;4
;;;;;;44;11113611;15913603;4
;;;;;;44;11113612;15961700;4
;;;;;;44;11113613;15913603;4
;;;;;;44;11113614;15913603;4
;;;;;;44;11113615;14027254;4
;;;;;;44;11113616;14027254;4
;;;;;;44;11113617;14058195;4
;;;;;;44;11113618;14058195;4
;;;;;;44;11113619;14058195;4
;;;;;;44;11113620;13378168;4
;;;;;;44;11113621;13378168;4
;;;;;;44;11113623;13378168;4
;;;;;;44;11113624;15913603;4
;;;;;;44;11113625;15614908;4
;;;;;;44;11113626;20267793;4
;;;;;;44;11113627;20267793;4
;;;;;;44;11113628;12447311;4
;;;;;;44;11113629;13378168;4
;;;;;;44;11113630;13378168;4
;;;;;;44;11113631;14058195;4
;;;;;;44;11113632;12447311;4
;;;;;;44;11113633;12447311;4
;;;;;;44;11113634;12447311;4
;;;;;;44;11113635;12447311;4
;;;;;;44;11113637;12447311;4
;;;;;;44;11113638;15913603;4
;;;;;;44;11113639;14058195;4
;;;;;;44;11113640;15162161;4
;;;;;;44;11113641;14027254;4
;;;;;;44;11113642;12447311;4
;;;;;;44;11113643;15614908;4
;;;;;;44;11113644;14027254;4
;;;;;;44;11113645;14027254;4
;;;;;;44;11113646;13378168;4
;;;;;;44;11113647;13378168;4
;;;;;;44;11113648;13378168;4
;;;;;;44;11113649;13378168;4
;;;;;;44;11113650;11705115;4
;;;;;;44;11113651;11705115;4
;;;;;;44;11113652;11705115;4
;;;;;;44;11113653;11705115;4
;;;;;;44;11113654;11705115;4
;;;;;;44;11113655;11705115;4
;;;;;;44;11113656;11705115;4
;;;;;;44;11113657;15614908;4
;;;;;;44;11113658;15614908;4
;;;;;;44;11113659;15614908;4
;;;;;;44;11113660;15614908;4
;;;;;;44;11113661;14058195;4
;;;;;;44;11113662;14027254;4
;;;;;;44;11113663;14027254;4
;;;;;;44;11113664;14027254;4
;;;;;;44;11113665;14027254;4
;;;;;;44;11113666;14027254;4
;;;;;;44;11113667;14027254;4
;;;;;;44;11113668;15162161;4
;;;;;;44;11113670;14027254;4
;;;;;;44;11113671;14058195;4
;;;;;;44;11113672;15162161;4
;;;;;;44;11113673;12447311;4
;;;;;;44;11113674;14027254;4
;;;;;;44;11113675;14027254;4
;;;;;;44;11113676;14027254;4
;;;;;;44;11113677;13130180;4
;;;;;;44;11113678;20267793;4
;;;;;;44;11113679;13130180;4
;;;;;;44;11113680;20267793;4
;;;;;;44;11113681;12447311;4
;;;;;;44;11113682;20267793;4
;;;;;;44;11113683;20267793;4
;;;;;;44;11113684;15217925;4
;;;;;;44;11113685;15217925;4
;;;;;;44;11113686;15217925;4
;;;;;;44;11113687;16221688;4
;;;;;;44;11113688;13378168;4
;;;;;;44;11113689;15614908;4
;;;;;;44;11113690;13130180;4
;;;;;;44;11113691;13130180;4
;;;;;;44;11113692;13130180;4
;;;;;;44;11113693;13130180;4
;;;;;;44;11113694;13130180;4
;;;;;;44;11113695;13130180;4
;;;;;;44;11113696;13130180;4
;;;;;;44;11113697;15162161;4
;;;;;;44;11113698;15162161;4
;;;;;;44;11113699;17130851;4
;;;;;;44;11113700;15913603;4
;;;;;;44;11113701;11705115;4
;;;;;;44;11113702;11705115;4
;;;;;;44;11113703;11705115;4
;;;;;;44;11113704;11705115;4
;;;;;;44;11113705;11705115;4
;;;;;;44;11113706;11705115;4
;;;;;;44;11113708;11705115;4
;;;;;;44;11113709;11705115;4
;;;;;;44;11113710;11705115;4
;;;;;;44;11113711;11705115;4
;;;;;;44;11113712;11705115;4
;;;;;;44;11113713;11705115;4
;;;;;;44;11113714;11705115;4
;;;;;;44;11113715;11705115;4
;;;;;;44;11113716;11705115;4
;;;;;;44;11113717;11705115;4
;;;;;;44;11113718;11705115;4
;;;;;;44;11113719;15913603;4
;;;;;;44;11113720;15913603;4
;;;;;;44;11113721;14058195;4
;;;;;;44;11113722;15961700;4
;;;;;;44;11113723;15961700;4
;;;;;;44;11113724;12447311;4
;;;;;;44;11113725;14058195;4
;;;;;;44;11113726;20267793;4
;;;;;;44;11113727;20267793;4
;;;;;;44;11113728;13378168;4
;;;;;;44;11113729;13378168;4
;;;;;;44;11113730;13378168;4
;;;;;;44;11113731;13378168;4
;;;;;;44;11113732;11705115;4
;;;;;;44;11113733;11705115;4
;;;;;;44;11113734;12447311;4
;;;;;;44;11113735;13378168;4
;;;;;;44;11113736;13378168;4
;;;;;;44;11113737;13130180;4
;;;;;;44;11113738;12447311;4
;;;;;;44;11113739;15162161;4
;;;;;;44;11113740;14027254;4
;;;;;;44;11113741;15913603;4
;;;;;;44;11113742;15162161;4
;;;;;;44;11113743;15614908;4
;;;;;;44;11113744;15614908;4
;;;;;;44;11113745;15614908;4
;;;;;;44;11113746;15614908;4
;;;;;;44;11113747;15614908;4
;;;;;;44;11113748;15614908;4
;;;;;;44;11113749;15614908;4
;;;;;;44;11113750;15614908;4
;;;;;;44;11113751;15162161;4
;;;;;;44;11113752;12447311;4
;;;;;;44;11113753;16221688;4
;;;;;;44;11113754;12010451;4
;;;;;;44;11113755;12010451;4
;;;;;;44;11113756;12010451;4
;;;;;;44;11113757;11705115;4
;;;;;;44;11113758;11705115;4
;;;;;;44;11113759;11705115;4
;;;;;;44;11113760;11705115;4
;;;;;;44;11113761;11705115;4
;;;;;;44;11113762;11705115;4
;;;;;;44;11113763;11705115;4
;;;;;;44;11113764;11705115;4
;;;;;;44;11113765;12447311;4
;;;;;;44;11113766;12447311;4
;;;;;;44;11113767;12447311;4
;;;;;;44;11113768;12447311;4
;;;;;;44;11113769;12447311;4
;;;;;;44;11113770;12447311;4
;;;;;;44;11113771;12447311;4
;;;;;;44;11113772;12447311;4
;;;;;;44;11113773;12447311;4
;;;;;;44;11113774;12447311;4
;;;;;;44;11113775;12447311;4
;;;;;;44;11113776;12447311;4
;;;;;;44;11113777;12447311;4
;;;;;;44;11113778;12447311;4
;;;;;;44;11113779;12447311;4
;;;;;;44;11113780;12447311;4
;;;;;;44;11113781;12447311;4
;;;;;;44;11113782;13378168;4
;;;;;;44;11113783;13131376;4
;;;;;;44;11113784;13131376;4
;;;;;;44;11113785;15162161;4
;;;;;;44;11113786;15162161;4
;;;;;;44;11113787;13798028;4
;;;;;;44;11113788;15162161;4
;;;;;;44;11113789;13798028;4
;;;;;;44;11113790;14058195;4
;;;;;;44;11113791;16221688;4
;;;;;;44;11113792;14027254;4
;;;;;;44;11113793;11705115;4
;;;;;;44;11113794;11705115;4
;;;;;;44;11113795;11705115;4
;;;;;;44;11113796;11705115;4
;;;;;;44;11113797;11705115;4
;;;;;;44;11113798;11705115;4
;;;;;;44;11113799;11705115;4
;;;;;;44;11113800;11705115;4
;;;;;;44;11113801;11705115;4
;;;;;;44;11113802;11705115;4
;;;;;;44;11113803;11705115;4
;;;;;;44;11113804;11705115;4
;;;;;;44;11113805;11705115;4
;;;;;;44;11113806;11705115;4
;;;;;;44;11113807;11705115;4
;;;;;;44;11113808;11705115;4
;;;;;;44;11113809;11705115;4
;;;;;;44;11113810;11705115;4
;;;;;;44;11113811;11705115;4
;;;;;;44;11113812;11705115;4
;;;;;;44;11113813;11705115;4
;;;;;;44;11113814;11705115;4
;;;;;;44;11113815;11705115;4
;;;;;;44;11113816;11705115;4
;;;;;;44;11113817;11705115;4
;;;;;;44;11113818;11705115;4
;;;;;;44;11113819;11705115;4
;;;;;;44;11113820;11705115;4
;;;;;;44;11113821;11705115;4
;;;;;;44;11113822;11705115;4
;;;;;;44;11113823;11705115;4
;;;;;;44;11113824;11705115;4
;;;;;;44;11113825;11705115;4
;;;;;;44;11113826;11705115;4
;;;;;;44;11113827;11705115;4
;;;;;;44;11113828;11705115;4
;;;;;;44;11113829;11705115;4
;;;;;;44;11113830;11705115;4
;;;;;;44;11113831;11705115;4
;;;;;;44;11113832;13798028;4
;;;;;;44;11113833;13798028;4
;;;;;;44;11113834;14058195;4
;;;;;;44;11113835;12447311;4
;;;;;;44;11113836;12447311;4
;;;;;;44;11113837;11705115;4
;;;;;;44;11113838;12447311;4
;;;;;;44;11113839;15162161;4
;;;;;;44;11113840;14058195;4
;;;;;;44;11113841;14058195;4
;;;;;;44;11113842;12447311;4
;;;;;;44;11113843;12447311;4
;;;;;;44;11113844;12447311;4
;;;;;;44;11113845;13798028;4
;;;;;;44;11113846;15614908;4
;;;;;;44;11113847;12447311;4
;;;;;;44;11113848;15217925;4
;;;;;;44;11113849;13378168;4
;;;;;;44;11113850;13378168;4
;;;;;;44;11113851;15162161;4
;;;;;;44;11113852;15162161;4
;;;;;;44;11113853;15162161;4
;;;;;;44;11113854;15162161;4
;;;;;;44;11113855;15162161;4
;;;;;;44;11113856;15162161;4
;;;;;;44;11113857;15162161;4
;;;;;;44;11113858;15162161;4
;;;;;;44;11113859;15162161;4
;;;;;;44;11113860;15162161;4
;;;;;;44;11113861;15162161;4
;;;;;;44;11113862;15162161;4
;;;;;;44;11113863;15162161;4
;;;;;;44;11113864;15162161;4
;;;;;;44;11113865;15162161;4
;;;;;;44;11113866;15162161;4
;;;;;;44;11113867;15162161;4
;;;;;;44;11113868;15162161;4
;;;;;;44;11113869;15217925;4
;;;;;;44;11113870;15614908;4
;;;;;;44;11113871;15162161;4
;;;;;;44;11113872;14058195;4
;;;;;;44;11113873;12447311;4
;;;;;;44;11113874;16221688;4
;;;;;;44;11113875;12010451;4
;;;;;;44;11113876;12010451;4
;;;;;;44;11113877;12010451;4
;;;;;;44;11113878;12010451;4
;;;;;;44;11113879;12010451;4
;;;;;;44;11113880;12010451;4
;;;;;;44;11113881;12010451;4
;;;;;;44;11113882;12010451;4
;;;;;;44;11113883;12010451;4
;;;;;;44;11113884;12010451;4
;;;;;;44;11113885;12010451;4
;;;;;;44;11113886;12010451;4
;;;;;;44;11113887;12010451;4
;;;;;;44;11113888;12010451;4
;;;;;;44;11113889;12010451;4
;;;;;;44;11113890;12010451;4
;;;;;;44;11113891;12010451;4
;;;;;;44;11113892;12010451;4
;;;;;;44;11113893;12010451;4
;;;;;;44;11113894;12010451;4
;;;;;;44;11113895;12010451;4
;;;;;;44;11113896;12010451;4
;;;;;;44;11113897;12010451;4
;;;;;;44;11113898;12010451;4
;;;;;;44;11113899;12010451;4
;;;;;;44;11113900;12010451;4
;;;;;;44;11113901;12010451;4
;;;;;;44;11113902;12010451;4
;;;;;;44;11113903;13798028;4
;;;;;;44;11113904;13798028;4
;;;;;;44;11113905;13798028;4
;;;;;;44;11113906;13798028;4
;;;;;;44;11113907;13798028;4
;;;;;;44;11113908;13798028;4
;;;;;;44;11113909;13798028;4
;;;;;;44;11113910;15913603;4
;;;;;;44;11113911;15913603;4
;;;;;;44;11113912;15913603;4
;;;;;;44;11113913;11705115;4
;;;;;;44;11113914;11705115;4
;;;;;;44;11113915;11705115;4
;;;;;;44;11113916;11705115;4
;;;;;;44;11113917;11705115;4
;;;;;;44;11113918;11705115;4
;;;;;;44;11113919;11705115;4
;;;;;;44;11113920;11705115;4
;;;;;;44;11113921;11705115;4
;;;;;;44;11113922;13798028;4
;;;;;;44;11113923;13798028;4
;;;;;;44;11113924;13798028;4
;;;;;;44;11113925;15162161;4
;;;;;;44;11113926;15162161;4
;;;;;;44;11113927;15162161;4
;;;;;;44;11113928;15162161;4
;;;;;;44;11113929;15162161;4
;;;;;;44;11113930;15162161;4
;;;;;;44;11113931;15162161;4
;;;;;;44;11113932;15162161;4
;;;;;;44;11113933;15162161;4
;;;;;;44;11113934;15162161;4
;;;;;;44;11113935;15162161;4
;;;;;;44;11113936;15162161;4
;;;;;;44;11113937;15162161;4
;;;;;;44;11113938;15162161;4
;;;;;;44;11113939;15913603;4
;;;;;;44;11113940;15913603;4
;;;;;;44;11113941;15913603;4
;;;;;;44;11113942;12447311;4
;;;;;;44;11113943;15162161;4
;;;;;;44;11113944;12447311;4
;;;;;;44;11113945;11705115;4
;;;;;;44;11113946;11705115;4
;;;;;;44;11113947;11705115;4
;;;;;;44;11113948;11705115;4
;;;;;;44;11113949;15961700;4
;;;;;;44;11113950;12447311;4
;;;;;;44;11113951;12447311;4
;;;;;;44;11113952;12447311;4
;;;;;;44;11113953;15217925;4
;;;;;;44;11113954;15217925;4
;;;;;;44;11113955;12447311;4
;;;;;;44;11113956;14027254;4
;;;;;;44;11113957;14027254;4
;;;;;;44;11113958;14027254;4
;;;;;;44;11113959;14027254;4
;;;;;;44;11113960;14027254;4
;;;;;;44;11113961;14027254;4
;;;;;;44;11113962;14027254;4
;;;;;;44;11113963;13798028;4
;;;;;;44;11113964;13798028;4
;;;;;;44;11113965;16221688;4
;;;;;;44;11113966;13378168;4
;;;;;;44;11113967;15614908;4
;;;;;;44;11113968;15614908;4
;;;;;;44;11113969;11705115;4
;;;;;;44;11113970;13798028;4
;;;;;;44;11113971;13798028;4
;;;;;;44;11113972;14027254;4
;;;;;;44;11113973;14027254;4
;;;;;;44;11113974;15913603;4
;;;;;;44;11113975;14027254;4
;;;;;;44;11113976;15913603;4
;;;;;;44;11113977;12447311;4
;;;;;;44;11113978;12447311;4
;;;;;;44;11113979;12447311;4
;;;;;;44;11113980;12447311;4
;;;;;;44;11113981;15913603;4
;;;;;;44;11113982;15913603;4
;;;;;;44;11113983;15913603;4
;;;;;;44;11113984;15913603;4
;;;;;;44;11113985;15913603;4
;;;;;;44;11113986;15913603;4
;;;;;;44;11113987;15913603;4
;;;;;;44;11113988;15913603;4
;;;;;;44;11113989;15913603;4
;;;;;;44;11113990;15913603;4
;;;;;;44;11113991;15913603;4
;;;;;;44;11113992;15913603;4
;;;;;;44;11113993;15913603;4
;;;;;;44;11113994;15913603;4
;;;;;;44;11113995;15913603;4
;;;;;;44;11113996;15913603;4
;;;;;;44;11113997;15913603;4
;;;;;;44;11113998;15913603;4
;;;;;;44;11113999;15913603;4
;;;;;;44;11114000;15913603;4
;;;;;;44;11114001;15913603;4
;;;;;;44;11114002;15913603;4
;;;;;;44;11114003;15913603;4
;;;;;;44;11114004;15913603;4
;;;;;;44;11114005;15913603;4
;;;;;;44;11114006;15913603;4
;;;;;;44;11114007;15913603;4
;;;;;;44;11114008;15913603;4
;;;;;;44;11114009;15913603;4
;;;;;;44;11114010;15913603;4
;;;;;;44;11114011;15913603;4
;;;;;;44;11114012;15913603;4
;;;;;;44;11114013;15913603;4
;;;;;;44;11114014;15913603;4
;;;;;;44;11114015;15913603;4
;;;;;;44;11114016;15913603;4
;;;;;;44;11114017;15913603;4
;;;;;;44;11114018;15913603;4
;;;;;;44;11114019;15913603;4
;;;;;;44;11114020;15913603;4
;;;;;;44;11114021;15913603;4
;;;;;;44;11114022;16221688;4
;;;;;;44;11114023;16221688;4
;;;;;;44;11114024;15961700;4
;;;;;;44;11114025;15961700;4
;;;;;;44;11114026;15961700;4
;;;;;;44;11114027;15961700;4
;;;;;;44;11114028;15961700;4
;;;;;;44;11114029;15961700;4
;;;;;;44;11114030;15961700;4
;;;;;;44;11114031;15961700;4
;;;;;;44;11114032;15961700;4
;;;;;;44;11114033;15961700;4
;;;;;;44;11114034;15961700;4
;;;;;;44;11114035;15961700;4
;;;;;;44;11114036;15961700;4
;;;;;;44;11114037;15961700;4
;;;;;;44;11114038;15961700;4
;;;;;;44;11114039;15961700;4
;;;;;;44;11114040;15961700;4
;;;;;;44;11114041;15961700;4
;;;;;;44;11114042;15961700;4
;;;;;;44;11114043;15961700;4
;;;;;;44;11114044;15961700;4
;;;;;;44;11114045;15162161;4
;;;;;;44;11114046;15614908;4
;;;;;;44;11114047;15614908;4
;;;;;;44;11114048;15614908;4
;;;;;;44;11114049;15614908;4
;;;;;;44;11114050;15614908;4
;;;;;;44;11114051;15614908;4
;;;;;;44;11114052;15614908;4
;;;;;;44;11114053;15614908;4
;;;;;;44;11114054;15614908;4
;;;;;;44;11114055;15614908;4
;;;;;;44;11114056;15614908;4
;;;;;;44;11114057;15614908;4
;;;;;;44;11114058;15614908;4
;;;;;;44;11114059;15614908;4
;;;;;;44;11114060;15614908;4
;;;;;;44;11114061;14058195;4
;;;;;;44;11114062;14058195;4
;;;;;;44;11114063;13798028;4
;;;;;;44;11114064;13379060;4
;;;;;;44;11114065;13798028;4
;;;;;;44;11114066;13798028;4
;;;;;;44;11114067;15162161;4
;;;;;;44;11114068;12447311;4
;;;;;;44;11114069;12447311;4
;;;;;;44;11114070;12447311;4
;;;;;;44;11114071;12447311;4
;;;;;;44;11114072;12447311;4
;;;;;;44;11114073;15162161;4
;;;;;;44;11114074;15162161;4
;;;;;;44;11114075;15162161;4
;;;;;;44;11114076;12447311;4
;;;;;;44;11114077;12447311;4
;;;;;;44;11114078;12447311;4
;;;;;;44;11114079;12447311;4
;;;;;;44;11114080;11705115;4
;;;;;;44;11114081;12447311;4
;;;;;;44;11114082;16221688;4
;;;;;;44;11114083;12447311;4
;;;;;;44;11114084;15961700;4
;;;;;;44;11114085;15162161;4
;;;;;;44;11114086;15614908;4
;;;;;;44;11114087;15162161;4
;;;;;;44;11114088;16221688;4
;;;;;;44;11114089;16221688;4
;;;;;;44;11114090;20267793;4
;;;;;;44;11114091;16221688;4
;;;;;;44;11114092;14058195;4
;;;;;;44;11114093;13378168;4
;;;;;;44;11114094;13379060;4
;;;;;;44;11114095;12447311;4
;;;;;;44;11114096;12447311;4
;;;;;;44;11114097;12447311;4
;;;;;;44;11114098;12447311;4
;;;;;;44;11114099;13798028;4
;;;;;;44;11114100;13798028;4
;;;;;;44;11114101;13798028;4
;;;;;;44;11114102;13798028;4
;;;;;;44;11114103;13798028;4
;;;;;;44;11114104;12447311;4
;;;;;;44;11114105;12447311;4
;;;;;;44;11114106;14058195;4
;;;;;;44;11114107;14058195;4
;;;;;;44;11114108;14058195;4
;;;;;;44;11114109;19796371;4
;;;;;;44;11114110;15614908;4
;;;;;;44;11114111;15542708;4
;;;;;;44;11114112;20076457;4
;;;;;;44;11114113;13379060;4
;;;;;;44;11114114;13798028;4
;;;;;;44;11114115;13798028;4
;;;;;;44;11114116;12447311;4
;;;;;;44;11114117;12447311;4
;;;;;;44;11114118;12447311;4
;;;;;;44;11114119;12447311;4
;;;;;;44;11114120;12447311;4
;;;;;;44;11114121;12447311;4
;;;;;;44;11114122;12447311;4
;;;;;;44;11114123;12447311;4
;;;;;;44;11114124;19796371;4
;;;;;;44;11114125;12447311;4
;;;;;;44;11114126;12447311;4
;;;;;;44;11114127;12447311;4
;;;;;;44;11114128;12447311;4
;;;;;;44;11114129;12447311;4
;;;;;;44;11114130;12447311;4
;;;;;;44;11114131;13798028;4
;;;;;;44;11114132;13798028;4
;;;;;;44;11114133;15614908;4
;;;;;;44;11114134;15614908;4
;;;;;;44;11114135;15614908;4
;;;;;;44;11114136;15614908;4
;;;;;;44;11114137;15614908;4
;;;;;;44;11114138;15614908;4
;;;;;;44;11114139;13378168;4
;;;;;;44;11114140;13378168;4
;;;;;;44;11114141;13378168;4
;;;;;;44;11114142;13378168;4
;;;;;;44;11114143;14058195;4
;;;;;;44;11114144;14058195;4
;;;;;;44;11114145;14058195;4
;;;;;;44;11114146;12447311;4
;;;;;;44;11114147;12447311;4
;;;;;;44;11114148;12447311;4
;;;;;;44;11114149;12447311;4
;;;;;;44;11114150;15913603;4
;;;;;;44;11114151;16221688;4
;;;;;;44;11114152;16221688;4
;;;;;;44;11114153;16221688;4
;;;;;;44;11114154;16221688;4
;;;;;;44;11114155;16221688;4
;;;;;;44;11114156;16221688;4
;;;;;;44;11114157;16221688;4
;;;;;;44;11114158;16221688;4
;;;;;;44;11114159;16221688;4
;;;;;;44;11114160;16221688;4
;;;;;;44;11114161;16221688;4
;;;;;;44;11114162;16221688;4
;;;;;;44;11114163;16221688;4
;;;;;;44;11114164;16221688;4
;;;;;;44;11114165;16221688;4
;;;;;;44;11114166;16221688;4
;;;;;;44;11114167;16221688;4
;;;;;;44;11114168;16221688;4
;;;;;;44;11114169;16221688;4
;;;;;;44;11114170;16221688;4
;;;;;;44;11114171;16221688;4
;;;;;;44;11114172;16221688;4
;;;;;;44;11114173;16221688;4
;;;;;;44;11114174;16221688;4
;;;;;;44;11114175;16221688;4
;;;;;;44;11114176;13130180;4
;;;;;;44;11114177;13130180;4
;;;;;;44;11114178;19725412;4
;;;;;;44;11114179;19725412;4
;;;;;;44;11114180;15162161;4
;;;;;;44;11114181;15961700;4
;;;;;;44;11114182;15961700;4
;;;;;;44;11114183;20267793;4
;;;;;;44;11114184;20267793;4
;;;;;;44;11114185;14027254;4
;;;;;;44;11114186;19796371;4
;;;;;;44;11114187;19796371;4
;;;;;;44;11114188;19796371;4
;;;;;;44;11114189;19796371;4
;;;;;;44;11114190;15913603;4
;;;;;;44;11114191;12447311;4
;;;;;;44;11114192;20267793;4
;;;;;;44;11114193;14058195;4
;;;;;;44;11114194;12010451;4
;;;;;;44;11114195;12010451;4
;;;;;;44;11114196;19725412;4
;;;;;;44;11114197;19725412;4
;;;;;;44;11114198;19725412;4
;;;;;;44;11114199;16221688;4
;;;;;;44;11114200;16221688;4
;;;;;;44;11114201;16221688;4
;;;;;;44;11114202;16221688;4
;;;;;;44;11114203;14058195;4
;;;;;;44;11114204;20267793;4
;;;;;;44;11114205;14027254;4
;;;;;;44;11114206;14027254;4
;;;;;;44;11114207;15913603;4
;;;;;;44;11114208;15913603;4
;;;;;;44;11114209;15913603;4
;;;;;;44;11114210;15913603;4
;;;;;;44;11114211;15913603;4
;;;;;;44;11114212;15913603;4
;;;;;;44;11114213;15913603;4
;;;;;;44;11114214;19725412;4
;;;;;;44;11114215;19725412;4
;;;;;;44;11114216;13798028;4
;;;;;;44;11114217;14058195;4
;;;;;;44;11114218;14058195;4
;;;;;;44;11114219;14058195;4
;;;;;;44;11114220;15162161;4
;;;;;;44;11114221;15162161;4
;;;;;;44;11114222;15913603;4
;;;;;;44;11114223;15913603;4
;;;;;;44;11114224;15162161;4
;;;;;;44;11114225;12447311;4
;;;;;;44;11114226;12447311;4
;;;;;;44;11114227;12447311;4
;;;;;;44;11114228;12447311;4
;;;;;;44;11114229;12447311;4
;;;;;;44;11114230;12447311;4
;;;;;;44;11114231;12447311;4
;;;;;;44;11114232;15162161;4
;;;;;;44;11114233;15614908;4
;;;;;;44;11114234;15217925;4
;;;;;;44;11114235;13379060;4
;;;;;;44;11114236;14058195;4
;;;;;;44;11114237;14058195;4
;;;;;;44;11114238;14058195;4
;;;;;;44;11114239;14058195;4
;;;;;;44;11114240;15614908;4
;;;;;;44;11114241;11736933;4
;;;;;;44;11114242;13379060;4
;;;;;;44;11114243;13131376;4
;;;;;;44;11114244;20078515;4
;;;;;;44;11114245;13378168;4
;;;;;;44;11114246;19796371;4
;;;;;;44;11114247;13798028;4
;;;;;;44;11114248;13798028;4
;;;;;;44;11114249;12010451;4
;;;;;;44;11114250;12010451;4
;;;;;;44;11114251;19796371;4
;;;;;;44;11114252;15217925;4
;;;;;;44;11114253;15217925;4
;;;;;;44;11114254;19796371;4
;;;;;;44;11114255;19725412;4
;;;;;;44;11114256;19725412;4
;;;;;;44;11114257;19725412;4
;;;;;;44;11114258;19725412;4
;;;;;;44;11114259;19725412;4
