RecordEndDateTime;RecordStartDateTime;RefRoleStatusId;StatusEndDate;OrganizationPersonRoleId;RoleStatusId;StatusStartDate
;;26;;10105235;1;2023-11-29
;;26;;10105236;2;2023-11-29
;;26;;10105237;3;2023-11-29
;;26;;10105238;4;2023-11-29
;;26;;10105239;5;2023-11-29
;;26;;10105240;6;2023-11-29
;;26;;10105242;7;2023-11-29
;;26;;10105243;8;2023-11-29
;;26;;10105244;9;2023-11-29
;;26;;10105245;10;2023-11-29
;;26;;10105246;11;2023-11-29
;;26;;10105247;12;2023-11-29
;;26;;10105248;13;2023-11-29
;;26;;10105250;14;2023-11-29
;;26;;10105251;15;2023-11-29
;;26;;10105252;16;2023-11-29
;;26;;10105253;17;2023-11-29
;;26;;10105254;18;2023-11-29
;;26;;10105255;19;2023-11-29
;;26;;10105256;20;2023-11-29
;;26;;10105257;21;2023-11-29
;;26;;10105258;22;2023-11-29
;;26;;10105259;23;2023-11-29
;;26;;10105260;24;2023-11-29
;;26;;10105261;25;2023-11-29
;;26;;10105262;26;2023-11-29
;;26;;10105263;27;2023-11-29
;;26;;10105264;28;2023-11-29
;;26;;10105265;29;2023-11-29
;;26;;10105266;30;2023-11-29
;;26;;10105267;31;2023-11-29
;;26;;10105268;32;2023-11-29
;;26;;10105269;33;2023-11-29
;;26;;10105270;34;2023-11-29
;;26;;10105271;35;2023-11-29
;;26;;10105272;36;2023-11-29
;;26;;10105273;37;2023-11-29
;;26;;10105274;38;2023-11-29
;;26;;10105275;39;2023-11-29
;;26;;10105276;40;2023-11-29
;;26;;10105277;41;2023-11-29
;;26;;10105280;42;2023-11-29
;;26;;10105289;43;2023-11-29
;;26;;10105293;44;2023-11-29
;;26;;10105294;45;2023-11-29
;;26;;10105295;46;2023-11-29
;;26;;10105296;47;2023-11-29
;;26;;10105297;48;2023-11-29
;;26;;10105298;49;2023-11-29
;;26;;10105299;50;2023-11-29
;;26;;10105300;51;2023-11-29
;;26;;10105301;52;2023-11-29
;;26;;10105302;53;2023-11-29
;;26;;10105303;54;2023-11-29
;;26;;10105304;55;2023-11-29
;;26;;10105305;56;2023-11-29
;;26;;10105306;57;2023-11-29
;;26;;10105307;58;2023-11-29
;;26;;10105309;59;2023-11-29
;;26;;10105310;60;2023-11-29
;;26;;10105311;61;2023-11-29
;;26;;10105312;62;2023-11-29
;;26;;10105313;63;2023-11-29
;;26;;10105315;64;2023-11-29
;;26;;10105316;65;2023-11-29
;;26;;10105318;66;2023-11-29
;;26;;10105319;67;2023-11-29
;;26;;10105320;68;2023-11-29
;;26;;10105321;69;2023-11-29
;;26;;10105323;70;2023-11-29
;;26;;10105324;71;2023-11-29
;;26;;10105325;72;2023-11-29
;;26;;10105326;73;2023-11-29
;;26;;10105327;74;2023-11-29
;;26;;10105328;75;2023-11-29
;;26;;10105329;76;2023-11-29
;;26;;10105330;77;2023-11-29
;;26;;10105331;78;2023-11-29
;;26;;10105332;79;2023-11-29
;;26;;10105333;80;2023-11-29
;;26;;10105334;81;2023-11-29
;;26;;10105335;82;2023-11-29
;;26;;10105336;83;2023-11-29
;;26;;10105337;84;2023-11-29
;;26;;10105338;85;2023-11-29
;;26;;10105339;86;2023-11-29
;;26;;10105340;87;2023-11-29
;;26;;10105341;88;2023-11-29
;;26;;10105342;89;2023-11-29
;;26;;10105343;90;2023-11-29
;;26;;10105344;91;2023-11-29
;;26;;10105345;92;2023-11-29
;;26;;10105346;93;2023-11-29
;;26;;10105347;94;2023-11-29
;;26;;10105348;95;2023-11-29
;;26;;10105349;96;2023-11-29
;;26;;10105350;97;2023-11-29
;;26;;10105351;98;2023-11-29
;;26;;10105352;99;2023-11-29
;;26;;10105353;100;2023-11-29
;;26;;10105354;101;2023-11-29
;;26;;10105355;102;2023-11-29
;;26;;10105356;103;2023-11-29
;;26;;10105357;104;2023-11-29
;;26;;10105358;105;2023-11-29
;;26;;10105359;106;2023-11-29
;;26;;10105360;107;2023-11-29
;;26;;10105361;108;2023-11-29
;;26;;10105362;109;2023-11-29
;;26;;10105363;110;2023-11-29
;;26;;10105364;111;2023-11-29
;;26;;10105365;112;2023-11-29
;;26;;10105368;113;2023-11-29
;;26;;10105369;114;2023-11-29
;;26;;10105370;115;2023-11-29
;;26;;10105372;116;2023-11-29
;;26;;10105373;117;2023-11-29
;;26;;10105374;118;2023-11-29
;;26;;10105375;119;2023-11-29
;;26;;10105376;120;2023-11-29
;;26;;10105377;121;2023-11-29
;;26;;10105378;122;2023-11-29
;;26;;10105379;123;2023-11-29
;;26;;10105380;124;2023-11-29
;;26;;10105381;125;2023-11-29
;;26;;10105382;126;2023-11-29
;;26;;10105384;127;2023-11-29
;;26;;10105385;128;2023-11-29
;;26;;10105386;129;2023-11-29
;;26;;10105387;130;2023-11-29
;;26;;10105388;131;2023-11-29
;;26;;10105389;132;2023-11-29
;;26;;10105390;133;2023-11-29
;;26;;10105392;134;2023-11-29
;;26;;10105393;135;2023-11-29
;;26;;10105394;136;2023-11-29
;;26;;10105395;137;2023-11-29
;;26;;10105396;138;2023-11-29
;;26;;10105397;139;2023-11-29
;;26;;10105398;140;2023-11-29
;;26;;10105399;141;2023-11-29
;;26;;10105400;142;2023-11-29
;;26;;10105403;143;2023-11-29
;;26;;10105404;144;2023-11-29
;;26;;10105405;145;2023-11-29
;;26;;10105406;146;2023-11-29
;;26;;10105407;147;2023-11-29
;;26;;10105408;148;2023-11-29
;;26;;10105409;149;2023-11-29
;;26;;10105410;150;2023-11-29
;;26;;10105411;151;2023-11-29
;;26;;10105412;152;2023-11-29
;;26;;10105413;153;2023-11-29
;;26;;10105414;154;2023-11-29
;;26;;10105415;155;2023-11-29
;;26;;10105417;156;2023-11-29
;;26;;10105418;157;2023-11-29
;;26;;10105419;158;2023-11-29
;;26;;10105420;159;2023-11-29
;;26;;10105421;160;2023-11-29
;;26;;10105422;161;2023-11-29
;;26;;10105423;162;2023-11-29
;;26;;10105424;163;2023-11-29
;;26;;10105425;164;2023-11-29
;;26;;10105426;165;2023-11-29
;;26;;10105427;166;2023-11-29
;;26;;10105428;167;2023-11-29
;;26;;10105429;168;2023-11-29
;;26;;10105430;169;2023-11-29
;;26;;10105431;170;2023-11-29
;;26;;10105438;171;2023-11-29
;;26;;10105439;172;2023-11-29
;;26;;10105440;173;2023-11-29
;;26;;10105444;174;2023-11-29
;;26;;10105446;175;2023-11-29
;;26;;10105448;176;2023-11-29
;;26;;10105449;177;2023-11-29
;;26;;10105450;178;2023-11-29
;;26;;10105451;179;2023-11-29
;;26;;10105452;180;2023-11-29
;;26;;10105453;181;2023-11-29
;;26;;10105454;182;2023-11-29
;;26;;10105455;183;2023-11-29
;;26;;10105456;184;2023-11-29
;;26;;10105457;185;2023-11-29
;;26;;10105458;186;2023-11-29
;;26;;10105459;187;2023-11-29
;;26;;10105460;188;2023-11-29
;;26;;10105461;189;2023-11-29
;;26;;10105462;190;2023-11-29
;;26;;10105463;191;2023-11-29
;;26;;10105464;192;2023-11-29
;;26;;10105466;193;2023-11-29
;;26;;10105467;194;2023-11-29
;;26;;10105468;195;2023-11-29
;;26;;10105469;196;2023-11-29
;;26;;10105470;197;2023-11-29
;;26;;10105471;198;2023-11-29
;;26;;10105472;199;2023-11-29
;;26;;10105473;200;2023-11-29
;;26;;10105474;201;2023-11-29
;;26;;10105475;202;2023-11-29
;;26;;10105476;203;2023-11-29
;;26;;10105477;204;2023-11-29
;;26;;10105478;205;2023-11-29
;;26;;10105479;206;2023-11-29
;;26;;10105480;207;2023-11-29
;;26;;10105481;208;2023-11-29
;;26;;10105489;209;2023-11-29
;;26;;10105490;210;2023-11-29
;;26;;10105491;211;2023-11-29
;;26;;10105492;212;2023-11-29
;;26;;10105493;213;2023-11-29
;;26;;10105494;214;2023-11-29
;;26;;10105495;215;2023-11-29
;;26;;10105496;216;2023-11-29
;;26;;10105497;217;2023-11-29
;;26;;10105498;218;2023-11-29
;;26;;10105499;219;2023-11-29
;;26;;10105500;220;2023-11-29
;;26;;10105501;221;2023-11-29
;;26;;10105502;222;2023-11-29
;;26;;10105504;223;2023-11-29
;;26;;10105506;224;2023-11-29
;;26;;10105508;225;2023-11-29
;;26;;10105510;226;2023-11-29
;;26;;10105511;227;2023-11-29
;;26;;10105512;228;2023-11-29
;;26;;10105513;229;2023-11-29
;;26;;10105514;230;2023-11-29
;;26;;10105515;231;2023-11-29
;;26;;10105516;232;2023-11-29
;;26;;10105519;233;2023-11-29
;;26;;10105520;234;2023-11-29
;;26;;10105521;235;2023-11-29
;;26;;10105523;236;2023-11-29
;;26;;10105524;237;2023-11-29
;;26;;10105525;238;2023-11-29
;;26;;10105526;239;2023-11-29
;;26;;10105527;240;2023-11-29
;;26;;10105528;241;2023-11-29
;;26;;10105529;242;2023-11-29
;;26;;10105530;243;2023-11-29
;;26;;10105531;244;2023-11-29
;;26;;10105533;245;2023-11-29
;;26;;10105534;246;2023-11-29
;;26;;10105535;247;2023-11-29
;;26;;10105537;248;2023-11-29
;;26;;10105540;249;2023-11-29
;;26;;10105541;250;2023-11-29
;;26;;10105542;251;2023-11-29
;;26;;10105543;252;2023-11-29
;;26;;10105544;253;2023-11-29
;;26;;10105545;254;2023-11-29
;;26;;10105546;255;2023-11-29
;;26;;10105547;256;2023-11-29
;;26;;10105548;257;2023-11-29
;;26;;10105549;258;2023-11-29
;;26;;10105550;259;2023-11-29
;;26;;10105551;260;2023-11-29
;;26;;10105552;261;2023-11-29
;;26;;10105553;262;2023-11-29
;;26;;10105554;263;2023-11-29
;;26;;10105555;264;2023-11-29
;;26;;10105556;265;2023-11-29
;;26;;10105557;266;2023-11-29
;;26;;10105561;267;2023-11-29
;;26;;10105562;268;2023-11-29
;;26;;10105563;269;2023-11-29
;;26;;10105564;270;2023-11-29
;;26;;10105565;271;2023-11-29
;;26;;10105566;272;2023-11-29
;;26;;10105567;273;2023-11-29
;;26;;10105568;274;2023-11-29
;;26;;10105569;275;2023-11-29
;;26;;10105570;276;2023-11-29
;;26;;10105571;277;2023-11-29
;;26;;10105572;278;2023-11-29
;;26;;10105573;279;2023-11-29
;;26;;10105574;280;2023-11-29
;;26;;10105579;281;2023-11-29
;;26;;10105580;282;2023-11-29
;;26;;10105581;283;2023-11-29
;;26;;10105582;284;2023-11-29
;;26;;10105584;285;2023-11-29
;;26;;10105585;286;2023-11-29
;;26;;10105586;287;2023-11-29
;;26;;10105587;288;2023-11-29
;;26;;10105588;289;2023-11-29
;;26;;10105589;290;2023-11-29
;;26;;10105590;291;2023-11-29
;;26;;10105591;292;2023-11-29
;;26;;10105592;293;2023-11-29
;;26;;10105593;294;2023-11-29
;;26;;10105595;295;2023-11-29
;;26;;10105596;296;2023-11-29
;;26;;10105597;297;2023-11-29
;;26;;10105598;298;2023-11-29
;;26;;10105599;299;2023-11-29
;;26;;10105600;300;2023-11-29
;;26;;10105601;301;2023-11-29
;;26;;10105602;302;2023-11-29
;;26;;10105603;303;2023-11-29
;;26;;10105604;304;2023-11-29
;;26;;10105605;305;2023-11-29
;;26;;10105607;306;2023-11-29
;;26;;10105608;307;2023-11-29
;;26;;10105609;308;2023-11-29
;;26;;10105610;309;2023-11-29
;;26;;10105611;310;2023-11-29
;;26;;10105612;311;2023-11-29
;;26;;10105613;312;2023-11-29
;;26;;10105614;313;2023-11-29
;;26;;10105615;314;2023-11-29
;;26;;10105616;315;2023-11-29
;;26;;10105617;316;2023-11-29
;;26;;10105618;317;2023-11-29
;;26;;10105619;318;2023-11-29
;;26;;10105620;319;2023-11-29
;;26;;10105621;320;2023-11-29
;;26;;10105623;321;2023-11-29
;;26;;10105625;322;2023-11-29
;;26;;10105626;323;2023-11-29
;;26;;10105627;324;2023-11-29
;;26;;10105628;325;2023-11-29
;;26;;10105629;326;2023-11-29
;;26;;10105630;327;2023-11-29
;;26;;10105631;328;2023-11-29
;;26;;10105632;329;2023-11-29
;;26;;10105633;330;2023-11-29
;;26;;10105635;331;2023-11-29
;;26;;10105636;332;2023-11-29
;;26;;10105637;333;2023-11-29
;;26;;10105638;334;2023-11-29
;;26;;10105639;335;2023-11-29
;;26;;10105640;336;2023-11-29
;;26;;10105641;337;2023-11-29
;;26;;10105642;338;2023-11-29
;;26;;10105643;339;2023-11-29
;;26;;10105644;340;2023-11-29
;;26;;10105645;341;2023-11-29
;;26;;10105646;342;2023-11-29
;;26;;10105647;343;2023-11-29
;;26;;10105648;344;2023-11-29
;;26;;10105649;345;2023-11-29
;;26;;10105650;346;2023-11-29
;;26;;10105651;347;2023-11-29
;;26;;10105652;348;2023-11-29
;;26;;10105653;349;2023-11-29
;;26;;10105654;350;2023-11-29
;;26;;10105655;351;2023-11-29
;;26;;10105656;352;2023-11-29
;;26;;10105657;353;2023-11-29
;;26;;10105658;354;2023-11-29
;;26;;10105660;355;2023-11-29
;;26;;10105661;356;2023-11-29
;;26;;10105662;357;2023-11-29
;;26;;10105663;358;2023-11-29
;;26;;10105664;359;2023-11-29
;;26;;10105665;360;2023-11-29
;;26;;10105666;361;2023-11-29
;;26;;10105667;362;2023-11-29
;;26;;10105669;363;2023-11-29
;;26;;10105671;364;2023-11-29
;;26;;10105672;365;2023-11-29
;;26;;10105674;366;2023-11-29
;;26;;10105675;367;2023-11-29
;;26;;10105676;368;2023-11-29
;;26;;10105677;369;2023-11-29
;;26;;10105678;370;2023-11-29
;;26;;10105679;371;2023-11-29
;;26;;10105680;372;2023-11-29
;;26;;10105681;373;2023-11-29
;;26;;10105682;374;2023-11-29
;;26;;10105683;375;2023-11-29
;;26;;10105684;376;2023-11-29
;;26;;10105685;377;2023-11-29
;;26;;10105688;378;2023-11-29
;;26;;10105689;379;2023-11-29
;;26;;10105690;380;2023-11-29
;;26;;10105691;381;2023-11-29
;;26;;10105692;382;2023-11-29
;;26;;10105693;383;2023-11-29
;;26;;10105694;384;2023-11-29
;;26;;10105695;385;2023-11-29
;;26;;10105696;386;2023-11-29
;;26;;10105697;387;2023-11-29
;;26;;10105698;388;2023-11-29
;;26;;10105702;389;2023-11-29
;;26;;10105703;390;2023-11-29
;;26;;10105704;391;2023-11-29
;;26;;10105705;392;2023-11-29
;;26;;10105706;393;2023-11-29
;;26;;10105707;394;2023-11-29
;;26;;10105708;395;2023-11-29
;;26;;10105709;396;2023-11-29
;;26;;10105710;397;2023-11-29
;;26;;10105711;398;2023-11-29
;;26;;10105712;399;2023-11-29
;;26;;10105714;400;2023-11-29
;;26;;10105715;401;2023-11-29
;;26;;10105716;402;2023-11-29
;;26;;10105717;403;2023-11-29
;;26;;10105719;404;2023-11-29
;;26;;10105722;405;2023-11-29
;;26;;10105723;406;2023-11-29
;;26;;10105724;407;2023-11-29
;;26;;10105725;408;2023-11-29
;;26;;10105728;409;2023-11-29
;;26;;10105729;410;2023-11-29
;;26;;10105730;411;2023-12-14
;;26;;10105731;412;2023-12-14
;;26;;10105734;413;2023-12-14
;;26;;10105735;414;2023-12-15
;;26;;10105736;415;2023-12-15
;;26;;10105737;416;2023-12-15
;;26;;10105739;417;2023-12-15
;;26;;10105741;418;2023-12-15
;;26;;10105742;419;2023-12-15
;;26;;10105743;420;2023-12-15
;;26;;10105745;421;2023-12-15
;;26;;10105747;422;2023-12-15
;;26;;10105748;423;2023-12-15
;;26;;10105749;424;2023-12-15
;;26;;10105750;425;2023-12-15
;;26;;10105751;426;2023-12-15
;;26;;10105752;427;2023-12-15
;;26;;10105753;428;2023-12-15
;;26;;10105755;429;2023-12-15
;;26;;10105756;430;2023-12-15
;;26;;10105758;431;2023-12-15
;;26;;10105759;432;2023-12-15
;;26;;10105760;433;2023-12-15
;;26;;10105761;434;2023-12-15
;;26;;10105762;435;2023-12-15
;;26;;10105763;436;2023-12-15
;;26;;10105764;437;2023-12-15
;;26;;10105765;438;2023-12-15
;;26;;10105766;439;2023-12-15
;;26;;10105767;440;2023-12-15
;;26;;10105768;441;2023-12-15
;;26;;10105769;442;2023-12-15
;;26;;10105770;443;2023-12-20
;;26;;10105772;444;2023-12-20
;;26;;10105773;445;2023-12-20
;;26;;10105774;446;2023-12-20
;;26;;10105775;447;2023-12-20
;;26;;10105776;448;2023-12-20
;;26;;10105777;449;2023-12-20
;;26;;10105778;450;2023-12-20
;;26;;10105779;451;2023-12-20
;;26;;10105782;452;2023-12-20
;;26;;10105783;453;2023-12-20
;;26;;10105784;454;2023-12-20
;;26;;10105785;455;2023-12-20
;;26;;10105786;456;2023-12-20
;;26;;10105787;457;2023-12-20
;;26;;10105788;458;2023-12-20
;;26;;10105789;459;2023-12-20
;;26;;10105790;460;2023-12-20
;;26;;10105791;461;2023-12-20
;;26;;10105792;462;2023-12-20
;;26;;10105793;463;2023-12-20
;;26;;10105794;464;2023-12-20
;;26;;10105796;465;2023-12-20
;;26;;10105797;466;2023-12-22
;;26;;10105798;467;2023-12-22
;;26;;10105799;468;2023-12-22
;;26;;10105800;469;2023-12-22
;;26;;10105801;470;2023-12-22
;;26;;10105802;471;2023-12-22
;;26;;10105803;472;2023-12-22
;;26;;10105804;473;2023-12-26
;;26;;10105805;474;2023-12-26
;;26;;10105806;475;2023-12-26
;;26;;10105808;476;2023-12-27
;;26;;10105809;477;2023-12-27
;;26;;10105810;478;2023-12-27
;;26;;10105811;479;2023-12-27
;;26;;10105813;480;2023-12-27
;;26;;10105814;481;2023-12-27
;;26;;10105816;482;2023-12-27
;;26;;10105817;483;2023-12-27
;;26;;10105818;484;2023-12-27
;;26;;10105819;485;2023-12-27
;;26;;10105820;486;2023-12-27
;;26;;10105821;487;2023-12-27
;;26;;10105822;488;2023-12-27
;;26;;10105823;489;2023-12-27
;;26;;10105824;490;2023-12-27
;;26;;10105825;491;2023-12-27
;;26;;10105826;492;2023-12-27
;;26;;10105827;493;2023-12-27
;;26;;10105828;494;2023-12-27
;;26;;10105829;495;2023-12-27
;;26;;10105830;496;2023-12-27
;;26;;10105831;497;2023-12-27
;;26;;10105833;498;2023-12-27
;;26;;10105834;499;2024-01-11
;;26;;10105835;500;2024-01-11
;;26;;10105836;501;2024-01-28
;;26;;10105837;502;2024-03-04
;;26;;10105838;503;2024-03-04
;;26;;10105839;504;2024-03-05
;;26;;10105841;505;2024-03-07
;;26;;10105842;506;2024-03-07
;;26;;10105843;507;2024-03-07
;;26;;10105844;508;2024-03-08
;;26;;10105845;509;2024-03-08
;;26;;10105846;510;2024-03-08
;;26;;10105847;511;2024-03-08
;;26;;10105848;512;2024-03-08
;;26;;10105849;513;2024-03-08
;;26;;10105850;514;2024-03-08
;;26;;10105851;515;2024-03-08
;;26;;10105852;516;2024-03-08
;;26;;10105853;517;2024-03-08
;;26;;10105854;518;2024-03-08
;;26;;10105855;519;2024-03-08
;;26;;10105856;520;2024-03-08
;;26;;10105857;521;2024-03-08
;;26;;10105858;522;2024-03-14
;;26;;10105860;523;2024-03-18
;;26;;10105861;524;2024-03-18
;;26;;10105862;525;2024-03-18
;;26;;10105863;526;2024-03-18
;;26;;10105864;527;2024-03-18
;;26;;10105865;528;2024-03-18
;;26;;10105866;529;2024-03-18
;;26;;10105867;530;2024-03-18
;;26;;10105868;531;2024-03-18
;;26;;10105869;532;2024-03-20
;;26;;10105870;533;2024-03-20
;;26;;10105871;534;2024-03-25
;;26;;10105872;535;2024-03-26
;;26;;10105873;536;2024-03-26
;;26;;10105874;537;2024-03-26
;;26;;10105875;538;2024-04-05
;;26;;10105876;539;2024-04-17
;;26;;10105877;540;2024-05-08
;;26;;10105878;541;2024-05-24
;;26;;10105879;542;2024-05-30
;;26;;10105880;543;2024-07-09
;;26;;10105882;544;2024-07-09
;;26;;10105883;545;2024-07-09
;;26;;10105884;546;2024-07-09
;;26;;10105886;547;2024-07-11
;;26;;10105887;548;2024-07-12
;;26;;10105888;549;2024-07-24
;;26;;10105889;550;2024-07-24
;;26;;10105890;551;2024-09-05
;;26;;10105891;552;2024-09-05
;;26;;10106388;553;2024-12-10
;;26;;10106390;554;2024-12-10
;;26;;10106392;555;2024-12-10
;;29;;10105237;556;2024-03-05
;;29;;10105238;557;2024-03-05
;;29;;10105239;558;2024-03-05
;;29;;10105240;559;2024-03-05
;;29;;10105242;560;2024-03-05
;;29;;10105243;561;2024-03-05
;;29;;10105244;562;2024-03-05
;;29;;10105245;563;2024-03-05
;;29;;10105246;564;2024-03-05
;;29;;10105247;565;2024-03-05
;;29;;10105248;566;2024-03-05
;;29;;10105250;567;2024-03-05
;;29;;10105252;568;2024-03-05
;;29;;10105253;569;2024-03-05
;;29;;10105255;570;2024-03-05
;;29;;10105256;571;2024-03-05
;;29;;10105257;572;2024-03-05
;;29;;10105258;573;2024-03-05
;;29;;10105259;574;2024-03-05
;;29;;10105260;575;2024-03-05
;;29;;10105261;576;2024-03-05
;;29;;10105262;577;2024-03-05
;;29;;10105263;578;2024-03-05
;;29;;10105264;579;2024-03-05
;;29;;10105265;580;2024-03-05
;;29;;10105266;581;2024-03-05
;;29;;10105267;582;2024-03-05
;;29;;10105268;583;2024-03-05
;;29;;10105269;584;2024-03-05
;;29;;10105270;585;2024-03-05
;;29;;10105271;586;2024-03-05
;;29;;10105272;587;2024-03-05
;;29;;10105273;588;2024-03-05
;;29;;10105274;589;2024-03-05
;;29;;10105275;590;2024-03-05
;;29;;10105276;591;2024-03-05
;;29;;10105277;592;2024-03-05
;;29;;10105280;593;2024-03-05
;;29;;10105289;594;2024-03-05
;;29;;10105293;595;2024-03-05
;;29;;10105294;596;2024-03-05
;;29;;10105295;597;2024-03-05
;;29;;10105296;598;2024-03-05
;;29;;10105297;599;2024-03-05
;;29;;10105298;600;2024-03-05
;;29;;10105299;601;2024-03-05
;;29;;10105300;602;2024-03-05
;;29;;10105301;603;2024-03-05
;;29;;10105302;604;2024-03-05
;;29;;10105303;605;2024-03-05
;;29;;10105304;606;2024-03-05
;;29;;10105305;607;2024-03-05
;;29;;10105306;608;2024-03-05
;;29;;10105307;609;2024-03-05
;;29;;10105309;610;2024-03-05
;;29;;10105311;611;2024-03-05
;;29;;10105312;612;2024-03-05
;;29;;10105313;613;2024-03-05
;;29;;10105315;614;2024-03-05
;;29;;10105316;615;2024-03-05
;;29;;10105318;616;2024-03-05
;;29;;10105319;617;2024-03-05
;;29;;10105320;618;2024-03-05
;;29;;10105321;619;2024-03-05
;;29;;10105323;620;2024-03-05
;;29;;10105324;621;2024-03-05
;;29;;10105325;622;2024-03-05
;;29;;10105326;623;2024-03-05
;;29;;10105328;624;2024-03-05
;;29;;10105329;625;2024-03-05
;;29;;10105330;626;2024-03-05
;;29;;10105331;627;2024-03-05
;;29;;10105332;628;2024-03-05
;;29;;10105333;629;2024-03-05
;;29;;10105334;630;2024-03-05
;;29;;10105335;631;2024-03-05
;;29;;10105336;632;2024-03-05
;;29;;10105337;633;2024-03-05
;;29;;10105338;634;2024-03-05
;;29;;10105339;635;2024-03-05
;;29;;10105340;636;2024-03-05
;;29;;10105341;637;2024-03-05
;;29;;10105342;638;2024-03-05
;;29;;10105343;639;2024-03-05
;;29;;10105344;640;2024-03-05
;;29;;10105345;641;2024-03-05
;;29;;10105346;642;2024-03-05
;;29;;10105347;643;2024-03-05
;;29;;10105348;644;2024-03-05
;;29;;10105349;645;2024-03-05
;;29;;10105350;646;2024-03-05
;;29;;10105351;647;2024-03-05
;;29;;10105352;648;2024-03-05
;;29;;10105353;649;2024-03-05
;;29;;10105354;650;2024-03-05
;;29;;10105355;651;2024-03-05
;;29;;10105356;652;2024-03-05
;;29;;10105357;653;2024-03-05
;;29;;10105358;654;2024-03-05
;;29;;10105360;655;2024-03-05
;;29;;10105361;656;2024-03-05
;;29;;10105363;657;2024-03-05
;;29;;10105364;658;2024-03-05
;;29;;10105365;659;2024-03-05
;;29;;10105368;660;2024-03-05
;;29;;10105369;661;2024-03-05
;;29;;10105370;662;2024-03-05
;;29;;10105372;663;2024-03-05
;;29;;10105375;664;2024-03-05
;;29;;10105376;665;2024-03-05
;;29;;10105377;666;2024-03-05
;;29;;10105378;667;2024-03-05
;;29;;10105379;668;2024-03-05
;;29;;10105380;669;2024-03-05
;;29;;10105382;670;2024-03-05
;;29;;10105384;671;2024-03-05
;;29;;10105385;672;2024-03-05
;;29;;10105386;673;2024-03-05
;;29;;10105387;674;2024-03-05
;;29;;10105388;675;2024-03-05
;;29;;10105389;676;2024-03-05
;;29;;10105390;677;2024-03-05
;;29;;10105393;678;2024-03-05
;;29;;10105394;679;2024-03-05
;;29;;10105395;680;2024-03-05
;;29;;10105396;681;2024-03-05
;;29;;10105397;682;2024-03-05
;;29;;10105398;683;2024-03-05
;;29;;10105399;684;2024-03-05
;;29;;10105400;685;2024-03-05
;;29;;10105403;686;2024-03-05
;;29;;10105404;687;2024-03-05
;;29;;10105405;688;2024-03-05
;;29;;10105406;689;2024-03-05
;;29;;10105407;690;2024-03-05
;;29;;10105408;691;2024-03-05
;;29;;10105409;692;2024-03-05
;;29;;10105410;693;2024-03-05
;;29;;10105411;694;2024-03-05
;;29;;10105413;695;2024-03-05
;;29;;10105414;696;2024-03-05
;;29;;10105415;697;2024-03-05
;;29;;10105417;698;2024-03-05
;;29;;10105418;699;2024-03-05
;;29;;10105419;700;2024-03-05
;;29;;10105420;701;2024-03-05
;;29;;10105421;702;2024-03-05
;;29;;10105422;703;2024-03-05
;;29;;10105423;704;2024-03-05
;;29;;10105424;705;2024-03-05
;;29;;10105425;706;2024-03-05
;;29;;10105426;707;2024-03-05
;;29;;10105427;708;2024-03-05
;;29;;10105428;709;2024-03-05
;;29;;10105429;710;2024-03-05
;;29;;10105430;711;2024-03-05
;;29;;10105431;712;2024-03-05
;;29;;10105438;713;2024-03-05
;;29;;10105439;714;2024-03-05
;;29;;10105440;715;2024-03-05
;;29;;10105444;716;2024-03-05
;;29;;10105446;717;2024-03-05
;;29;;10105448;718;2024-03-05
;;29;;10105450;719;2024-03-05
;;29;;10105451;720;2024-03-05
;;29;;10105452;721;2024-03-05
;;29;;10105453;722;2024-03-05
;;29;;10105454;723;2024-03-05
;;29;;10105455;724;2024-03-05
;;29;;10105456;725;2024-03-05
;;29;;10105458;726;2024-03-05
;;29;;10105459;727;2024-03-05
;;29;;10105460;728;2024-03-05
;;29;;10105461;729;2024-03-05
;;29;;10105462;730;2024-03-05
;;29;;10105463;731;2024-03-05
;;29;;10105464;732;2024-03-05
;;29;;10105466;733;2024-03-05
;;29;;10105467;734;2024-03-05
;;29;;10105468;735;2024-03-05
;;29;;10105469;736;2024-03-05
;;29;;10105470;737;2024-03-05
;;29;;10105471;738;2024-03-05
;;29;;10105472;739;2024-03-05
;;29;;10105473;740;2024-03-05
;;29;;10105474;741;2024-03-05
;;29;;10105475;742;2024-03-05
;;29;;10105476;743;2024-03-05
;;29;;10105477;744;2024-03-05
;;29;;10105478;745;2024-03-05
;;29;;10105479;746;2024-03-05
;;29;;10105480;747;2024-03-05
;;29;;10105481;748;2024-03-05
;;29;;10105489;749;2024-03-05
;;29;;10105490;750;2024-03-05
;;29;;10105491;751;2024-03-05
;;29;;10105492;752;2024-03-05
;;29;;10105494;753;2024-03-05
;;29;;10105495;754;2024-03-05
;;29;;10105496;755;2024-03-05
;;29;;10105497;756;2024-03-05
;;29;;10105498;757;2024-03-05
;;29;;10105499;758;2024-03-05
;;29;;10105500;759;2024-03-05
;;29;;10105501;760;2024-03-05
;;29;;10105502;761;2024-03-05
;;29;;10105504;762;2024-03-05
;;29;;10105506;763;2024-03-05
;;29;;10105508;764;2024-03-05
;;29;;10105510;765;2024-03-05
;;29;;10105511;766;2024-03-05
;;29;;10105512;767;2024-03-05
;;29;;10105513;768;2024-03-05
;;29;;10105514;769;2024-03-05
;;29;;10105515;770;2024-03-05
;;29;;10105516;771;2024-03-05
;;29;;10105520;772;2024-03-05
;;29;;10105521;773;2024-03-05
;;29;;10105523;774;2024-03-05
;;29;;10105524;775;2024-03-05
;;29;;10105525;776;2024-03-05
;;29;;10105526;777;2024-03-05
;;29;;10105527;778;2024-03-05
;;29;;10105528;779;2024-03-05
;;29;;10105529;780;2024-03-05
;;29;;10105530;781;2024-03-05
;;29;;10105531;782;2024-03-05
;;29;;10105533;783;2024-03-05
;;29;;10105534;784;2024-03-05
;;29;;10105535;785;2024-03-05
;;29;;10105537;786;2024-03-05
;;29;;10105540;787;2024-03-05
;;29;;10105541;788;2024-03-05
;;29;;10105542;789;2024-03-05
;;29;;10105543;790;2024-03-05
;;29;;10105544;791;2024-03-05
;;29;;10105545;792;2024-03-05
;;29;;10105546;793;2024-03-05
;;29;;10105547;794;2024-03-05
;;29;;10105548;795;2024-03-05
;;29;;10105549;796;2024-03-05
;;29;;10105551;797;2024-03-05
;;29;;10105552;798;2024-03-05
;;29;;10105553;799;2024-03-05
;;29;;10105554;800;2024-03-05
;;29;;10105557;801;2024-03-05
;;29;;10105561;802;2024-03-05
;;29;;10105562;803;2024-03-05
;;29;;10105563;804;2024-03-05
;;29;;10105564;805;2024-03-05
;;29;;10105565;806;2024-03-05
;;29;;10105568;807;2024-03-05
;;29;;10105569;808;2024-03-05
;;29;;10105571;809;2024-03-05
;;29;;10105572;810;2024-03-05
;;29;;10105573;811;2024-03-05
;;29;;10105574;812;2024-03-05
;;29;;10105579;813;2024-03-05
;;29;;10105580;814;2024-03-05
;;29;;10105581;815;2024-03-05
;;29;;10105582;816;2024-03-05
;;29;;10105584;817;2024-03-05
;;29;;10105585;818;2024-03-05
;;29;;10105586;819;2024-03-05
;;29;;10105587;820;2024-03-05
;;29;;10105588;821;2024-03-05
;;29;;10105589;822;2024-03-05
;;29;;10105590;823;2024-03-05
;;29;;10105591;824;2024-03-05
;;29;;10105592;825;2024-03-05
;;29;;10105593;826;2024-03-05
;;29;;10105595;827;2024-03-05
;;29;;10105596;828;2024-03-05
;;29;;10105597;829;2024-03-05
;;29;;10105598;830;2024-03-05
;;29;;10105599;831;2024-03-05
;;29;;10105600;832;2024-03-05
;;29;;10105602;833;2024-03-05
;;29;;10105603;834;2024-03-05
;;29;;10105604;835;2024-03-05
;;29;;10105605;836;2024-03-05
;;29;;10105607;837;2024-03-05
;;29;;10105608;838;2024-03-05
;;29;;10105609;839;2024-03-05
;;29;;10105610;840;2024-03-05
;;29;;10105611;841;2024-03-05
;;29;;10105612;842;2024-03-05
;;29;;10105613;843;2024-03-05
;;29;;10105614;844;2024-03-05
;;29;;10105615;845;2024-03-05
;;29;;10105616;846;2024-03-05
;;29;;10105617;847;2024-03-05
;;29;;10105619;848;2024-03-05
;;29;;10105620;849;2024-03-05
;;29;;10105621;850;2024-03-05
;;29;;10105623;851;2024-03-05
;;29;;10105625;852;2024-03-05
;;29;;10105626;853;2024-03-05
;;29;;10105627;854;2024-03-05
;;29;;10105628;855;2024-03-05
;;29;;10105629;856;2024-03-05
;;29;;10105630;857;2024-03-05
;;29;;10105631;858;2024-03-05
;;29;;10105633;859;2024-03-05
;;29;;10105635;860;2024-03-05
;;29;;10105636;861;2024-03-05
;;29;;10105637;862;2024-03-05
;;29;;10105638;863;2024-03-05
;;29;;10105639;864;2024-03-05
;;29;;10105641;865;2024-03-05
;;29;;10105642;866;2024-03-05
;;29;;10105643;867;2024-03-05
;;29;;10105644;868;2024-03-05
;;29;;10105645;869;2024-03-05
;;29;;10105646;870;2024-03-05
;;29;;10105647;871;2024-03-05
;;29;;10105648;872;2024-03-05
;;29;;10105649;873;2024-03-05
;;29;;10105650;874;2024-03-05
;;29;;10105651;875;2024-03-05
;;29;;10105652;876;2024-03-05
;;29;;10105653;877;2024-03-05
;;29;;10105654;878;2024-03-05
;;29;;10105655;879;2024-03-05
;;29;;10105657;880;2024-03-05
;;29;;10105658;881;2024-03-05
;;29;;10105660;882;2024-03-05
;;29;;10105661;883;2024-03-05
;;29;;10105662;884;2024-03-05
;;29;;10105663;885;2024-03-05
;;29;;10105664;886;2024-03-05
;;29;;10105665;887;2024-03-05
;;29;;10105666;888;2024-03-05
;;29;;10105667;889;2024-03-05
;;29;;10105669;890;2024-03-05
;;29;;10105671;891;2024-03-05
;;29;;10105672;892;2024-03-05
;;29;;10105674;893;2024-03-05
;;29;;10105675;894;2024-03-05
;;29;;10105676;895;2024-03-05
;;29;;10105677;896;2024-03-05
;;29;;10105678;897;2024-03-05
;;29;;10105679;898;2024-03-05
;;29;;10105680;899;2024-03-05
;;29;;10105681;900;2024-03-05
;;29;;10105682;901;2024-03-05
;;29;;10105683;902;2024-03-05
;;29;;10105684;903;2024-03-05
;;29;;10105685;904;2024-03-05
;;29;;10105688;905;2024-03-05
;;29;;10105689;906;2024-03-05
;;29;;10105690;907;2024-03-05
;;29;;10105691;908;2024-03-05
;;29;;10105692;909;2024-03-05
;;29;;10105693;910;2024-03-05
;;29;;10105694;911;2024-03-05
;;29;;10105695;912;2024-03-05
;;29;;10105696;913;2024-03-05
;;29;;10105697;914;2024-03-05
;;29;;10105702;915;2024-03-05
;;29;;10105703;916;2024-03-05
;;29;;10105704;917;2024-03-05
;;29;;10105706;918;2024-03-05
;;29;;10105707;919;2024-03-05
;;29;;10105708;920;2024-03-05
;;29;;10105709;921;2024-03-05
;;29;;10105710;922;2024-03-05
;;29;;10105711;923;2024-03-05
;;29;;10105712;924;2024-03-05
;;29;;10105714;925;2024-03-05
;;29;;10105715;926;2024-03-05
;;29;;10105716;927;2024-03-05
;;29;;10105717;928;2024-03-05
;;29;;10105719;929;2024-03-05
;;29;;10105722;930;2024-03-05
;;29;;10105723;931;2024-03-05
;;29;;10105724;932;2024-03-05
;;29;;10105729;933;2024-03-05
;;29;;10105730;934;2024-03-05
;;29;;10105731;935;2024-03-05
;;29;;10105735;936;2024-03-05
;;29;;10105736;937;2024-03-05
;;29;;10105737;938;2024-03-05
;;29;;10105739;939;2024-03-05
;;29;;10105741;940;2024-03-05
;;29;;10105743;941;2024-03-05
;;29;;10105747;942;2024-03-05
;;29;;10105748;943;2024-03-05
;;29;;10105749;944;2024-03-05
;;29;;10105750;945;2024-03-05
;;29;;10105751;946;2024-03-05
;;29;;10105752;947;2024-03-05
;;29;;10105753;948;2024-03-05
;;29;;10105755;949;2024-03-05
;;29;;10105756;950;2024-03-05
;;29;;10105759;951;2024-03-05
;;29;;10105760;952;2024-03-05
;;29;;10105761;953;2024-03-05
;;29;;10105762;954;2024-03-05
;;29;;10105763;955;2024-03-05
;;29;;10105764;956;2024-03-05
;;29;;10105766;957;2024-03-05
;;29;;10105767;958;2024-03-05
;;29;;10105770;959;2024-03-05
;;29;;10105772;960;2024-03-05
;;29;;10105774;961;2024-03-05
;;29;;10105775;962;2024-03-05
;;29;;10105776;963;2024-03-05
;;29;;10105777;964;2024-03-05
;;29;;10105778;965;2024-03-05
;;29;;10105779;966;2024-03-05
;;29;;10105782;967;2024-03-05
;;29;;10105783;968;2024-03-05
;;29;;10105784;969;2024-03-05
;;29;;10105785;970;2024-03-05
;;29;;10105787;971;2024-03-05
;;29;;10105788;972;2024-03-05
;;29;;10105789;973;2024-03-05
;;29;;10105790;974;2024-03-05
;;29;;10105791;975;2024-03-05
;;29;;10105792;976;2024-03-05
;;29;;10105793;977;2024-03-05
;;29;;10105794;978;2024-03-05
;;29;;10105796;979;2024-03-05
;;29;;10105798;980;2024-03-05
;;29;;10105799;981;2024-03-05
;;29;;10105802;982;2024-03-05
;;29;;10105803;983;2024-03-05
;;29;;10105804;984;2024-03-05
;;29;;10105805;985;2024-03-05
;;29;;10105808;986;2024-03-05
;;29;;10105809;987;2024-03-05
;;29;;10105810;988;2024-03-05
;;29;;10105811;989;2024-03-05
;;29;;10105813;990;2024-03-05
;;29;;10105816;991;2024-03-05
;;29;;10105817;992;2024-03-05
;;29;;10105818;993;2024-03-05
;;29;;10105819;994;2024-03-05
;;29;;10105821;995;2024-03-05
;;29;;10105822;996;2024-03-05
;;29;;10105823;997;2024-03-05
;;29;;10105824;998;2024-03-05
;;29;;10105825;999;2024-03-05
;;29;;10105827;1000;2024-03-05
;;29;;10105828;1001;2024-03-05
;;29;;10105829;1002;2024-03-05
;;29;;10105830;1003;2024-03-05
;;29;;10105831;1004;2024-03-05
;;29;;10105833;1005;2024-03-05
;;29;;10105834;1006;2024-03-05
;;29;;10105835;1007;2024-03-05
;;29;;10105837;1008;2024-03-05
;;29;;10105838;1009;2024-03-05
;;29;;10105841;1010;2024-03-05
;;29;;10105842;1011;2024-03-05
;;29;;10105843;1012;2024-03-05
;;29;;10105844;1013;2024-03-05
;;29;;10105845;1014;2024-03-05
;;29;;10105846;1015;2024-03-05
;;29;;10105849;1016;2024-03-05
;;29;;10105850;1017;2024-03-05
;;29;;10105851;1018;2024-03-05
;;29;;10105852;1019;2024-03-05
;;29;;10105854;1020;2024-03-05
;;29;;10105855;1021;2024-03-05
;;29;;10105857;1022;2024-03-05
;;29;;10105861;1023;2024-03-05
;;29;;10105862;1024;2024-03-05
;;29;;10105863;1025;2024-03-05
;;29;;10105865;1026;2024-03-05
;;29;;10105866;1027;2024-03-05
;;29;;10105867;1028;2024-03-11
;;29;;10105868;1029;2024-03-11
;;29;;10105871;1030;2024-03-25
;;29;;10105872;1031;2024-03-05
;;29;;10105873;1032;2024-03-05
;;29;;10105874;1033;2024-03-05
;;29;;10105876;1034;2024-04-17
;;29;;10105877;1035;2024-05-08
;;29;;10105878;1036;2024-05-17
;;29;;10105879;1037;2024-05-30
;;29;;10105880;1038;2024-07-08
;;29;;10105882;1039;2024-07-08
;;29;;10105883;1040;2024-07-08
;;29;;10105884;1041;2024-07-09
;;29;;10105886;1042;2024-07-11
;;29;;10105887;1043;2024-07-12
;;29;;10105888;1044;2024-07-24
;;29;;10105889;1045;2024-07-24
;;29;;10105890;1046;2024-09-05
;;29;;10105891;1047;2024-09-05
;;29;;10106388;1048;2024-12-10
;;29;;10106390;1049;2024-12-10
;;29;;10106392;1050;2024-12-10
;;28;;10105235;1051;2024-04-10
;;28;;10105236;1052;2024-05-13
;;28;;10105251;1053;2024-04-10
;;28;;10105254;1054;2024-07-08
;;28;;10105310;1055;2024-08-09
;;28;;10105327;1056;2024-08-21
;;28;;10105359;1057;2024-07-30
;;28;;10105362;1058;2024-03-20
;;28;;10105373;1059;2024-03-19
;;28;;10105374;1060;2024-03-26
;;28;;10105381;1061;2024-07-18
;;28;;10105392;1062;2024-07-08
;;28;;10105412;1063;2024-08-26
;;28;;10105449;1064;2024-10-15
;;28;;10105457;1065;2024-03-19
;;28;;10105493;1066;2024-08-20
;;28;;10105519;1067;2024-08-26
;;28;;10105550;1068;2024-03-20
;;28;;10105555;1069;2024-06-07
;;28;;10105556;1070;2024-06-10
;;28;;10105566;1071;2024-03-20
;;28;;10105567;1072;2024-09-23
;;28;;10105570;1073;2024-09-23
;;28;;10105601;1074;2024-05-07
;;28;;10105618;1075;2024-03-22
;;28;;10105632;1076;2024-03-25
;;28;;10105640;1077;2024-09-09
;;28;;10105656;1078;2024-04-18
;;28;;10105698;1079;2024-04-30
;;28;;10105705;1080;2024-10-28
;;28;;10105725;1081;2024-10-16
;;28;;10105728;1082;2024-07-25
;;28;;10105734;1083;2024-04-29
;;28;;10105742;1084;2024-09-30
;;28;;10105745;1085;2024-04-03
;;28;;10105758;1086;2024-03-22
;;28;;10105765;1087;2024-05-09
;;28;;10105768;1088;2024-03-26
;;28;;10105769;1089;2024-08-09
;;28;;10105773;1090;2024-08-09
;;28;;10105786;1091;2024-06-03
;;28;;10105797;1092;2024-04-03
;;28;;10105800;1093;2024-10-07
;;28;;10105801;1094;2024-10-02
;;28;;10105806;1095;2024-08-09
;;28;;10105814;1096;2024-03-19
;;28;;10105820;1097;2024-10-25
;;28;;10105826;1098;2024-08-28
;;28;;10105836;1099;2024-03-15
;;28;;10105839;1100;2024-05-14
;;28;;10105847;1101;2024-09-03
;;28;;10105848;1102;2024-08-20
;;28;;10105853;1103;2024-08-07
;;28;;10105856;1104;2024-03-26
;;28;;10105858;1105;2024-08-14
;;28;;10105860;1106;2024-10-28
;;28;;10105864;1107;2024-10-29
;;28;;10105869;1108;2024-08-27
;;28;;10105870;1109;2024-05-30
;;28;;10105875;1110;2024-05-28
;;15;;1212292464;1111; 
;;15;;12122841038;1112; 
;;15;;1212284884;1113; 
;;15;;12122841090;1114; 
;;15;;12122841014;1115; 
;;15;;12122841461;1116; 
;;15;;12122922041;1117;2023-08-03
;;15;;12122881588;1118; 
;;15;;12122841179;1119; 
;;15;;12122841789;1120;2022-12-02
;;15;;12122841949;1121;2023-04-19
;;15;;12122841179;1122; 
;;15;;12122881434;1123; 
;;15;;12122888;1124; 
;;15;;121228436;1125; 
;;15;;12122791668;1126;2020-04-17
;;15;;12122841939;1127;2023-03-28
;;15;;12122841951;1128;2023-04-19
;;15;;12122841940;1129;2023-03-30
;;15;;121228436;1130; 
;;11;;13133;1131; 
;;14;;13136;1132;2018-12-29
;;11;;13137;1133;2018-12-29
;;11;;13139;1134;2019-01-01
;;11;;131315;1135;2019-01-01
;;11;;131316;1136;2019-01-01
;;11;;131317;1137;2019-01-01
;;11;;131318;1138;2019-01-01
;;11;;131320;1139;2019-01-01
;;11;;131326;1140;2019-01-01
;;11;;131327;1141;2019-01-01
;;11;;131330;1142;2019-01-01
;;11;;131331;1143;2019-01-01
;;11;;131333;1144;2019-01-01
;;11;;131335;1145;2019-01-01
;;11;;131337;1146;2019-01-01
;;11;;131341;1147;2019-01-01
;;14;;131342;1148;2019-01-01
;;11;;131343;1149;2019-01-01
;;11;;131345;1150;2019-01-01
;;11;;131349;1151;2019-01-01
;;11;;131350;1152;2019-01-01
;;11;;131351;1153;2019-01-01
;;11;;131352;1154;2019-01-01
;;14;;131353;1155;2019-01-01
;;11;;131354;1156;2019-01-01
;;11;;131355;1157;2019-01-01
;;11;;131356;1158;2019-01-01
;;11;;131357;1159;2019-01-01
;;11;;131358;1160;2019-01-01
;;11;;131359;1161;2019-01-01
;;14;;131360;1162;2019-01-01
;;11;;131363;1163;2019-03-04
;;11;;131367;1164;2021-04-03
;;14;;131368;1165;2021-04-06
;;14;;131370;1166;2021-04-23
;;11;;131371;1167;2021-05-06
;;14;;131372;1168;2022-03-09
;;14;;131374;1169;2022-03-21
;;11;;131375;1170;2022-08-04
;;14;;131376;1171;2022-08-04
;;11;;131377;1172;2022-08-05
;;14;;131378;1173;2022-08-19
;;11;;131379;1174;2022-09-30
;;11;;131380;1175;2022-10-04
;;14;;131381;1176;2022-10-17
;;14;;131383;1177;2023-03-07
;;14;;131385;1178;2023-03-09
;;14;;131388;1179;2023-09-26
;;11;;131392;1180;2024-06-12
;;11;;131396;1181;2025-03-13
;;11;;131397;1182;2025-03-14
;;11;;131398;1183;2025-03-14
;;11;;131399;1184;2025-03-20
;;11;;202029284;1185; 
;;11;;202029424;1186; 
;;11;;202029694;1187; 
;;11;;202028798;1188;2018-12-31
;;11;;202028898;1189;2018-12-31
;;11;;202029148;1190;2018-12-31
;;11;;202029198;1191;2018-12-31
;;11;;202029298;1192;2018-12-31
;;11;;202029438;1193;2018-12-31
;;11;;202029708;1194;2018-12-31
;;11;;202031898;1195;2018-12-31
;;11;;2020313710;1196;2019-01-01
;;11;;2020314110;1197;2019-01-01
;;11;;2020315010;1198;2019-01-01
;;11;;2020316410;1199;2019-01-01
;;11;;2020317810;1200;2019-01-01
;;11;;2020291315;1201;2019-01-01
;;11;;2020291515;1202;2019-01-01
;;11;;2020291815;1203;2019-01-01
;;11;;2020292115;1204;2019-01-01
;;11;;2020292315;1205;2019-01-01
;;11;;2020290619;1206;2019-01-01
;;11;;2020290919;1207;2019-01-01
;;11;;2020291119;1208;2019-01-01
;;11;;2020291219;1209;2019-01-01
;;11;;2020292419;1210;2019-01-01
;;11;;2020292519;1211;2019-01-01
;;11;;2020292619;1212;2019-01-01
;;11;;2020292719;1213;2019-01-01
;;11;;2020293919;1214;2019-01-01
;;11;;2020295219;1215;2019-01-01
;;11;;2020295319;1216;2019-01-01
;;11;;2020298019;1217;2019-01-01
;;11;;2020300619;1218;2019-01-01
;;11;;2020288420;1219;2019-01-01
;;11;;2020293420;1220;2019-01-01
;;11;;2020293520;1221;2019-01-01
;;11;;2020293820;1222;2019-01-01
;;11;;2020294120;1223;2019-01-01
;;11;;2020294820;1224;2019-01-01
;;11;;2020294920;1225;2019-01-01
;;11;;2020297420;1226;2019-01-01
;;11;;2020297520;1227;2019-01-01
;;11;;2020300020;1228;2019-01-01
;;11;;2020300120;1229;2019-01-01
;;11;;2020302620;1230;2019-01-01
;;11;;2020303220;1231;2019-01-01
;;11;;2020303820;1232;2019-01-01
;;11;;2020304420;1233;2019-01-01
;;11;;2020305020;1234;2019-01-01
;;11;;2020305620;1235;2019-01-01
;;11;;2020306220;1236;2019-01-01
;;11;;2020306820;1237;2019-01-01
;;11;;2020318820;1238;2019-01-01
;;11;;2020299623;1239;2019-01-01
;;11;;2020302223;1240;2019-01-01
;;11;;2020303023;1241;2019-01-01
;;11;;2020303423;1242;2019-01-01
;;11;;2020304623;1243;2019-01-01
;;11;;2020305823;1244;2019-01-01
;;11;;2020314023;1245;2019-01-01
;;11;;2020315223;1246;2019-01-01
;;11;;2020316723;1247;2019-01-01
;;11;;2020318023;1248;2019-01-01
;;11;;2020299525;1249;2019-01-01
;;11;;2020302125;1250;2019-01-01
;;11;;2020303325;1251;2019-01-01
;;11;;2020304225;1252;2019-01-01
;;11;;2020304525;1253;2019-01-01
;;11;;2020305725;1254;2019-01-01
;;11;;2020316225;1255;2019-01-01
;;11;;2020317625;1256;2019-01-01
;;11;;2020293027;1257;2019-01-01
;;11;;2020294427;1258;2019-01-01
;;11;;2020297127;1259;2019-01-01
;;11;;2020299727;1260;2019-01-01
;;11;;2020300527;1261;2019-01-01
;;11;;2020314227;1262;2019-01-01
;;11;;2020315427;1263;2019-01-01
;;11;;2020316927;1264;2019-01-01
;;11;;2020318227;1265;2019-01-01
;;11;;2020315329;1266;2019-01-01
;;11;;2020303130;1267;2019-01-01
;;11;;2020304330;1268;2019-01-01
;;11;;2020305530;1269;2019-01-01
;;11;;2020306730;1270;2019-01-01
;;11;;2020316830;1271;2019-01-01
;;11;;2020317030;1272;2019-01-01
;;11;;2020317430;1273;2019-01-01
;;11;;2020317530;1274;2019-01-01
;;11;;2020318330;1275;2019-01-01
;;11;;2020318430;1276;2019-01-01
;;11;;2020287831;1277;2019-01-01
;;11;;2020288031;1278;2019-01-01
;;11;;2020288131;1279;2019-01-01
;;11;;2020288331;1280;2019-01-01
;;11;;2020288531;1281;2019-01-01
;;11;;2020288731;1282;2019-01-01
;;11;;2020314335;1283;2019-01-01
;;11;;2020314535;1284;2019-01-01
;;11;;2020315935;1285;2019-01-01
;;11;;2020316035;1286;2019-01-01
;;11;;2020316135;1287;2019-01-01
;;11;;2020287237;1288;2019-01-01
;;11;;2020287337;1289;2019-01-01
;;11;;2020287437;1290;2019-01-01
;;11;;2020289138;1291;2019-01-01
;;11;;2020290138;1292;2019-01-01
;;11;;2020291638;1293;2019-01-01
;;11;;2020293138;1294;2019-01-01
;;11;;2020294538;1295;2019-01-01
;;11;;2020297238;1296;2019-01-01
;;11;;2020299838;1297;2019-01-01
;;11;;2020302438;1298;2019-01-01
;;11;;2020303638;1299;2019-01-01
;;11;;2020304838;1300;2019-01-01
;;11;;2020306038;1301;2019-01-01
;;11;;2020302839;1302;2019-01-01
;;11;;2020304039;1303;2019-01-01
;;11;;2020305239;1304;2019-01-01
;;11;;2020306439;1305;2019-01-01
;;11;;2020306639;1306;2019-01-01
;;11;;2020314939;1307;2019-01-01
;;11;;2020316339;1308;2019-01-01
;;11;;2020317739;1309;2019-01-01
;;11;;2020288252;1310;2019-02-26
;;11;;2020289252;1311;2019-02-26
;;11;;2020290252;1312;2019-02-26
;;11;;2020291752;1313;2019-02-26
;;11;;2020293252;1314;2019-02-26
;;11;;2020294652;1315;2019-02-26
;;11;;2020297352;1316;2019-02-26
;;11;;2020299952;1317;2019-02-26
;;11;;2020302552;1318;2019-02-26
;;11;;2020303752;1319;2019-02-26
;;11;;2020304952;1320;2019-02-26
;;11;;2020306152;1321;2019-02-26
;;11;;2020320852;1322;2019-02-26
;;11;;2020293753;1323;2019-03-04
;;11;;2020295153;1324;2019-03-04
;;11;;2020297753;1325;2019-03-04
;;11;;2020300353;1326;2019-03-04
;;11;;2020313653;1327;2019-03-04
;;11;;2020319253;1328;2019-03-04
;;11;;2020319353;1329;2019-03-04
;;11;;2020319453;1330;2019-03-04
;;11;;2020319553;1331;2019-03-04
;;11;;2020319653;1332;2019-03-04
;;11;;2020319753;1333;2019-03-04
;;11;;2020319853;1334;2019-03-04
;;11;;2020288655;1335;2019-03-04
;;11;;2020293655;1336;2019-03-04
;;11;;2020295055;1337;2019-03-04
;;11;;2020297655;1338;2019-03-04
;;11;;2020300255;1339;2019-03-04
;;11;;2020302755;1340;2019-03-04
;;11;;2020303955;1341;2019-03-04
;;11;;2020305155;1342;2019-03-04
;;11;;2020306355;1343;2019-03-04
;;11;;2020313855;1344;2019-03-04
;;11;;2020316555;1345;2019-03-04
;;11;;2020317159;1346;2021-04-14
;;11;;2020317259;1347;2021-04-14
;;11;;2020317359;1348;2021-04-14
;;11;;2020318159;1349;2021-04-14
;;11;;2020318659;1350;2021-04-14
;;11;;2020302972;1351;2023-03-02
;;11;;2020304172;1352;2023-03-02
;;11;;2020305372;1353;2023-03-02
;;11;;2020305472;1354;2023-03-02
;;11;;2020306572;1355;2023-03-02
;;11;;2020288874;1356;2023-03-08
;;11;;2020289074;1357;2023-03-08
;;11;;2020289374;1358;2023-03-08
;;11;;2020289474;1359;2023-03-08
;;11;;2020289574;1360;2023-03-08
;;11;;2020289674;1361;2023-03-08
;;11;;2020289774;1362;2023-03-08
;;11;;2020290777;1363;2023-07-19
;;11;;2020292277;1364;2023-07-19
;;11;;2020286681;1365;2024-03-20
;;11;;2020286781;1366;2024-03-20
;;11;;2020286881;1367;2024-03-20
;;11;;2020313582;1368;2024-07-08
;;11;;2020314482;1369;2024-07-08
;;11;;2020314682;1370;2024-07-08
;;11;;2020314782;1371;2024-07-08
;;11;;2020314882;1372;2024-07-08
;;11;;2020315582;1373;2024-07-08
;;11;;2020315682;1374;2024-07-08
;;11;;2020315782;1375;2024-07-08
;;11;;2020315882;1376;2024-07-08
;;11;;2020319182;1377;2024-07-08
;;11;;2020321083;1378;2024-07-29
;;11;;2020321283;1379;2024-07-29
;;11;;2020319984;1380;2024-08-21
;;11;;2020320084;1381;2024-08-21
;;11;;2020320184;1382;2024-08-21
;;11;;2020320284;1383;2024-08-21
;;11;;2020320384;1384;2024-08-21
;;11;;2020320484;1385;2024-08-21
;;11;;2020320584;1386;2024-08-21
;;11;;2020320684;1387;2024-08-21
;;11;;2020320784;1388;2024-08-21
